,feature_name
SRSF7,SRSF7
B2M,B2M
SARAF,SARAF
S100A6,S100A6
NFKBIA,NFKBIA
SPI1,SPI1
HLA-DPB1,HLA-DPB1
DUSP1,DUSP1
FTH1,FTH1
HSPA5,HSPA5
S100A9,S100A9
FABP5,FABP5
SMCHD1,SMCHD1
IGHA1,IGHA1
CST7,CST7
HBA2,HBA2
IL7R,IL7R
LMO2,LMO2
NKG7,NKG7
JUNB,JUNB
DAZAP2,DAZAP2
IGKC,IGKC
PPP1R15A,PPP1R15A
XCL2,XCL2
IL32,IL32
C1QA,C1QA
BASP1,BASP1
TNFAIP2,TNFAIP2
RFLNB,RFLNB
SYNE2,SYNE2
PER1,PER1
C1QB,C1QB
ZFP36L1,ZFP36L1
CXCR4,CXCR4
ITPKB,ITPKB
INSIG1,INSIG1
CTSH,CTSH
LITAF,LITAF
YWHAH,YWHAH
ZNF281,ZNF281
TRDC,TRDC
CD3G,CD3G
EML4,EML4
GPR65,GPR65
RBM23,RBM23
LYZ,LYZ
CD300E,CD300E
ATP2B1-AS1,ATP2B1-AS1
HMGN2,HMGN2
ANXA1,ANXA1
CCL3L3,CCL3L3
TRBC2,TRBC2
PLEKHG2,PLEKHG2
ANXA2,ANXA2
HLA-DQA1,HLA-DQA1
HLA-DRB5,HLA-DRB5
F13A1,F13A1
TPT1,TPT1
CTSL,CTSL
HSPA1A,HSPA1A
TUBB,TUBB
APOE,APOE
HBA1,HBA1
WTAP,WTAP
TAGAP,TAGAP
AIF1,AIF1
CFD,CFD
LCP1,LCP1
DERL3,DERL3
MS4A7,MS4A7
ISG20,ISG20
APLP2,APLP2
MPEG1,MPEG1
ARPC1B,ARPC1B
ATP2A3,ATP2A3
SH3BP5,SH3BP5
TNFAIP6,TNFAIP6
IFNGR1,IFNGR1
CCNL1,CCNL1
IRF8,IRF8
IGHD,IGHD
BANK1,BANK1
CKAP4,CKAP4
KLRD1,KLRD1
NAMPT,NAMPT
CD74,CD74
HCLS1,HCLS1
HLA-DMB,HLA-DMB
HRH2,HRH2
GZMH,GZMH
RRBP1,RRBP1
GRN,GRN
ZNF445,ZNF445
ABCA7,ABCA7
LTB,LTB
NR4A2,NR4A2
GZMM,GZMM
IER3,IER3
SAMSN1,SAMSN1
TRAF5,TRAF5
TPM4,TPM4
PLAUR,PLAUR
MYADM,MYADM
CCL4,CCL4
GPR183,GPR183
IGKV2D-28,IGKV2D-28
PILRA,PILRA
TXNIP,TXNIP
CD68,CD68
RBP4,RBP4
FGFBP2,FGFBP2
TRBC1,TRBC1
CYBB,CYBB
MKNK1,MKNK1
RIC3,RIC3
KLF6,KLF6
NIBAN3,NIBAN3
HSP90AB1,HSP90AB1
MOB3A,MOB3A
SATB1,SATB1
LILRB2,LILRB2
CCAR1,CCAR1
SERPINB1,SERPINB1
FKBP11,FKBP11
IGKV1-6,IGKV1-6
LINC00299,LINC00299
FTL,FTL
IGHG4,IGHG4
SELENOP,SELENOP
CCL3,CCL3
GADD45B,GADD45B
PLEK,PLEK
SMIM14,SMIM14
TYROBP,TYROBP
SAMHD1,SAMHD1
TYMP,TYMP
CDC42EP3,CDC42EP3
SLAMF1,SLAMF1
TMEM154,TMEM154
IRS2,IRS2
NRGN,NRGN
OXNAD1,OXNAD1
LGALS2,LGALS2
DIAPH2,DIAPH2
TNFAIP3,TNFAIP3
HCST,HCST
IRF1,IRF1
FOS,FOS
NFAM1,NFAM1
RXRA,RXRA
PECAM1,PECAM1
FAM107B,FAM107B
SUB1,SUB1
TLN1,TLN1
SKIL,SKIL
MAFG,MAFG
RASGRP1,RASGRP1
DNAJB4,DNAJB4
NCF1,NCF1
SH3BGRL3,SH3BGRL3
CD163,CD163
ADA,ADA
EXOC6,EXOC6
PTGDS,PTGDS
ZNF331,ZNF331
ID2,ID2
RNASE1,RNASE1
PDE4B,PDE4B
ARPC4,ARPC4
ITGB1,ITGB1
CD244,CD244
IGSF6,IGSF6
NUDT4,NUDT4
CD3D,CD3D
SYVN1,SYVN1
AIM2,AIM2
TREM1,TREM1
LYN,LYN
SGK1,SGK1
LIMS1,LIMS1
HSPA6,HSPA6
CXCL8,CXCL8
GNPTAB,GNPTAB
CD52,CD52
KLRB1,KLRB1
XAF1,XAF1
PPP3CA,PPP3CA
STMN1,STMN1
MSR1,MSR1
CPVL,CPVL
HSP90AA1,HSP90AA1
SELL,SELL
VAV1,VAV1
CYP1B1,CYP1B1
ANKRD28,ANKRD28
PAXBP1,PAXBP1
CRIP1,CRIP1
TNFSF10,TNFSF10
PMAIP1,PMAIP1
HSPH1,HSPH1
FYB1,FYB1
PSAP,PSAP
IRF2BPL,IRF2BPL
PPP1R10,PPP1R10
BLVRB,BLVRB
CD79A,CD79A
IL2RB,IL2RB
MTURN,MTURN
PYCARD,PYCARD
GTF2H5,GTF2H5
KCTD12,KCTD12
ZKSCAN1,ZKSCAN1
SWAP70,SWAP70
VMP1,VMP1
IFI6,IFI6
LPCAT1,LPCAT1
TIPARP,TIPARP
TGFBR1,TGFBR1
P2RY13,P2RY13
RUFY1,RUFY1
TERF2IP,TERF2IP
ARL4C,ARL4C
ADGRG3,ADGRG3
MAPK14,MAPK14
IPCEF1,IPCEF1
REXO2,REXO2
PYHIN1,PYHIN1
TOB2,TOB2
CREG1,CREG1
RECK,RECK
GABARAPL1,GABARAPL1
EEF1A1,EEF1A1
RGS10,RGS10
FCGR3A,FCGR3A
PHACTR1,PHACTR1
KLF9,KLF9
FGL2,FGL2
PIM3,PIM3
IGHG1,IGHG1
HMOX1,HMOX1
APBA2,APBA2
TIMP2,TIMP2
ZBTB16,ZBTB16
KLF10,KLF10
TMEM71,TMEM71
ARID3A,ARID3A
RASSF2,RASSF2
PLK2,PLK2
GTF3C1,GTF3C1
HBG2,HBG2
PLEKHF1,PLEKHF1
FCGR3B,FCGR3B
KATNBL1,KATNBL1
MT2A,MT2A
LEPROTL1,LEPROTL1
MNDA,MNDA
BTN3A1,BTN3A1
IGLC2,IGLC2
PELI1,PELI1
BOLA2,BOLA2
CYTOR,CYTOR
IGHV3-33,IGHV3-33
IGLC3,IGLC3
FLNA,FLNA
COTL1,COTL1
NIN,NIN
HECA,HECA
LYPD2,LYPD2
TNFRSF1B,TNFRSF1B
NCOA4,NCOA4
DHRS3,DHRS3
KMT5A,KMT5A
AGTPBP1,AGTPBP1
SLC11A1,SLC11A1
CA1,CA1
CD36,CD36
NOSIP,NOSIP
ADAM28,ADAM28
PFKFB3,PFKFB3
PRNP,PRNP
GSTO1,GSTO1
CSTB,CSTB
ATP1B1,ATP1B1
G0S2,G0S2
IGKV4-1,IGKV4-1
GCLM,GCLM
CLK1,CLK1
VAPA,VAPA
LMOD3,LMOD3
KLRF1,KLRF1
SOS2,SOS2
ITPR2,ITPR2
UBE2D1,UBE2D1
NINJ1,NINJ1
LYL1,LYL1
MAST3,MAST3
CLEC12A,CLEC12A
VIM,VIM
CPEB4,CPEB4
LTA4H,LTA4H
R3HDM4,R3HDM4
C1QC,C1QC
HLA-DPA1,HLA-DPA1
STK10,STK10
FCN1,FCN1
IFITM2,IFITM2
CSTA,CSTA
CD22,CD22
LILRB1,LILRB1
ZFP36,ZFP36
EFHD2,EFHD2
FCGR2A,FCGR2A
S100A11,S100A11
MAN1A1,MAN1A1
CHD9,CHD9
DNAJA1,DNAJA1
MLKL,MLKL
JUN,JUN
MYBL1,MYBL1
GSN,GSN
SAMD3,SAMD3
SRGN,SRGN
CCL4L2,CCL4L2
B3GNT7,B3GNT7
MYH9,MYH9
HLA-DRA,HLA-DRA
MAML3,MAML3
ARL5B,ARL5B
NEDD9,NEDD9
CCDC88B,CCDC88B
AUTS2,AUTS2
PCNX4,PCNX4
NCF2,NCF2
BATF,BATF
SEMA4A,SEMA4A
IGLV3-1,IGLV3-1
LGMN,LGMN
CUL1,CUL1
ZBTB20,ZBTB20
CEBPD,CEBPD
BPGM,BPGM
SPON2,SPON2
ERN1,ERN1
PLD3,PLD3
SYTL2,SYTL2
SOCS3,SOCS3
S100A4,S100A4
CD2,CD2
TSPO,TSPO
MSRB1,MSRB1
LIPA,LIPA
ADARB1,ADARB1
TSPAN13,TSPAN13
IGHA2,IGHA2
TXK,TXK
CD14,CD14
ENTPD1,ENTPD1
DNAJC3,DNAJC3
UGCG,UGCG
CLIC3,CLIC3
LST1,LST1
HSPA1B,HSPA1B
STRBP,STRBP
S100P,S100P
LGALS8,LGALS8
WEE1,WEE1
TAOK1,TAOK1
KDM7A,KDM7A
PIK3R1,PIK3R1
CDA,CDA
RGS2,RGS2
IFI27,IFI27
VPREB3,VPREB3
ARHGAP9,ARHGAP9
PDLIM1,PDLIM1
FPR1,FPR1
PLAAT2,PLAAT2
SLC5A3,SLC5A3
KLHDC10,KLHDC10
S100A10,S100A10
TRBV7-2,TRBV7-2
RALB,RALB
OGFRL1,OGFRL1
IL1RN,IL1RN
CTSB,CTSB
BIRC3,BIRC3
MX2,MX2
KDM5C,KDM5C
CSNK1D,CSNK1D
SUCLG1,SUCLG1
CD9,CD9
IL10,IL10
SUCNR1,SUCNR1
FCER1G,FCER1G
SPARC,SPARC
PVT1,PVT1
TSC22D1,TSC22D1
NFE2L2,NFE2L2
TNFRSF13C,TNFRSF13C
TSC22D3,TSC22D3
RAB32,RAB32
GIMAP2,GIMAP2
FNDC3A,FNDC3A
IL18R1,IL18R1
PLD4,PLD4
FGD4,FGD4
HSPD1,HSPD1
DDIT3,DDIT3
MS4A1,MS4A1
RCN3,RCN3
ATP6V0D1,ATP6V0D1
VSIG4,VSIG4
SLC43A3,SLC43A3
GLUL,GLUL
SH2D3A,SH2D3A
MTHFR,MTHFR
ELANE,ELANE
CTSC,CTSC
CMIP,CMIP
LYAR,LYAR
DAAM1,DAAM1
RNF19A,RNF19A
ATF7IP,ATF7IP
PDE7A,PDE7A
DBF4,DBF4
BCL2L1,BCL2L1
BIN2,BIN2
TET2,TET2
AKR1C3,AKR1C3
GNAI3,GNAI3
CTSW,CTSW
CBX1,CBX1
IGHM,IGHM
STAB1,STAB1
CXCR6,CXCR6
RGS1,RGS1
SNX25,SNX25
DGKA,DGKA
MAD2L1,MAD2L1
SLFN11,SLFN11
ARHGAP24,ARHGAP24
BCAS2,BCAS2
XPA,XPA
JUND,JUND
MYLIP,MYLIP
AHSP,AHSP
NUMB,NUMB
TNF,TNF
MARCKS,MARCKS
NUP214,NUP214
SPN,SPN
CCL5,CCL5
CTSS,CTSS
TGFBI,TGFBI
GNG11,GNG11
IGKV2-30,IGKV2-30
NFIL3,NFIL3
APOC1,APOC1
CEACAM1,CEACAM1
LINC01857,LINC01857
UBN1,UBN1
EIF4A3,EIF4A3
HIPK2,HIPK2
CHST12,CHST12
CDKN1A,CDKN1A
IL6ST,IL6ST
PLTP,PLTP
STX7,STX7
TXNDC5,TXNDC5
PIGR,PIGR
RETREG3,RETREG3
ARHGAP12,ARHGAP12
PLCG2,PLCG2
GK,GK
SAT1,SAT1
QPCT,QPCT
MID1IP1,MID1IP1
ITM2A,ITM2A
JAML,JAML
JCHAIN,JCHAIN
EIF4G3,EIF4G3
TCF7,TCF7
SKAP2,SKAP2
ANXA4,ANXA4
CD70,CD70
RUNX3,RUNX3
PHLDA2,PHLDA2
BCL2A1,BCL2A1
SNCA,SNCA
PCLAF,PCLAF
METRNL,METRNL
NADK,NADK
ADGRE5,ADGRE5
HSPE1,HSPE1
SPOCK2,SPOCK2
LCP2,LCP2
VCAN,VCAN
CD3E,CD3E
STXBP5,STXBP5
RASGEF1B,RASGEF1B
IGLV2-11,IGLV2-11
CES1,CES1
IGHV4-39,IGHV4-39
SYK,SYK
XIST,XIST
SECTM1,SECTM1
PLCB2,PLCB2
CHI3L2,CHI3L2
SOX4,SOX4
PARVB,PARVB
GLIPR2,GLIPR2
CXCL3,CXCL3
CHL1,CHL1
CTDSP1,CTDSP1
EMP1,EMP1
ARC,ARC
TLR4,TLR4
STMN3,STMN3
TIMP1,TIMP1
NR4A1,NR4A1
CD93,CD93
LIMK2,LIMK2
BTG2,BTG2
LAT,LAT
ZZEF1,ZZEF1
ZC3H12A,ZC3H12A
FCRL3,FCRL3
DDX3Y,DDX3Y
IGKV1D-13,IGKV1D-13
SRGAP2,SRGAP2
CDKN1C,CDKN1C
ATF5,ATF5
KIF2A,KIF2A
DUSP2,DUSP2
NSL1,NSL1
RNF130,RNF130
SNX15,SNX15
HAVCR2,HAVCR2
RYBP,RYBP
NME1,NME1
TNFRSF18,TNFRSF18
GRINA,GRINA
TGFBR3,TGFBR3
MLF1,MLF1
ARAP2,ARAP2
TSPAN33,TSPAN33
PRB3,PRB3
TUBA1A,TUBA1A
GM2A,GM2A
EVI5,EVI5
EGR3,EGR3
LILRA5,LILRA5
CLC,CLC
EXPH5,EXPH5
FAM210B,FAM210B
PSTPIP1,PSTPIP1
TAF3,TAF3
EMILIN2,EMILIN2
D2HGDH,D2HGDH
PDZD8,PDZD8
LILRB5,LILRB5
S100B,S100B
GIMAP7,GIMAP7
CCL20,CCL20
SLC6A6,SLC6A6
CD82,CD82
PCP2,PCP2
HK1,HK1
DCAF8,DCAF8
ABHD17A,ABHD17A
HSP90B1,HSP90B1
MMP9,MMP9
PIM1,PIM1
PLAAT4,PLAAT4
CD72,CD72
S1PR4,S1PR4
ZNF335,ZNF335
RABGEF1,RABGEF1
RNF41,RNF41
STOM,STOM
DEF8,DEF8
FRAT2,FRAT2
OSM,OSM
PRDX2,PRDX2
CD69,CD69
ODC1,ODC1
RHOB,RHOB
PRH1,PRH1
SORL1,SORL1
LAP3,LAP3
ADRB2,ADRB2
TKT,TKT
IGLV2-8,IGLV2-8
PHF21A,PHF21A
CCDC25,CCDC25
TRBV5-1,TRBV5-1
ACSL6,ACSL6
MIDN,MIDN
LRG1,LRG1
LTBP4,LTBP4
SLC16A3,SLC16A3
C20orf204,C20orf204
STX4,STX4
CTSZ,CTSZ
IGLV3-19,IGLV3-19
SYNE1,SYNE1
HGSNAT,HGSNAT
DNHD1,DNHD1
TUBA1B,TUBA1B
THBS1,THBS1
PRKCH,PRKCH
MME,MME
MAF,MAF
ACTB,ACTB
PF4V1,PF4V1
FANCI,FANCI
ASAH1,ASAH1
LGALS4,LGALS4
TRAV3,TRAV3
FCER2,FCER2
IGHV2-5,IGHV2-5
TXN,TXN
TCL1A,TCL1A
TSPYL2,TSPYL2
NMI,NMI
CEMIP2,CEMIP2
AGO3,AGO3
CALR,CALR
PDE4D,PDE4D
MT1E,MT1E
SIN3A,SIN3A
IGHV5-51,IGHV5-51
CHIC1,CHIC1
TLR2,TLR2
ZNF667,ZNF667
RNF14,RNF14
LINC01871,LINC01871
IL4R,IL4R
TAGLN2,TAGLN2
PRSS23,PRSS23
ALDOC,ALDOC
BCAT1,BCAT1
DAB2,DAB2
IGLV5-45,IGLV5-45
GAPT,GAPT
FNIP2,FNIP2
PGF,PGF
UPF3B,UPF3B
INHBA,INHBA
TBPL1,TBPL1
THAP5,THAP5
ITGB7,ITGB7
CMTM6,CMTM6
IGHV4-31,IGHV4-31
CD247,CD247
ARL11,ARL11
ITPRID2,ITPRID2
PKIG,PKIG
ARRDC3,ARRDC3
A2M,A2M
ITGB2,ITGB2
MAP3K8,MAP3K8
CEP78,CEP78
EIF1AY,EIF1AY
GCNT4,GCNT4
TAF2,TAF2
IL1B,IL1B
GABPB1,GABPB1
CLU,CLU
MAT2A,MAT2A
PMP22,PMP22
ERV3-1,ERV3-1
MCEMP1,MCEMP1
CCR6,CCR6
MYC,MYC
ARID5A,ARID5A
MMD,MMD
MXD3,MXD3
SLC35E3,SLC35E3
AKR1B1,AKR1B1
ZFAND5,ZFAND5
MTMR12,MTMR12
PID1,PID1
PLAC8,PLAC8
FKBP4,FKBP4
MAST4,MAST4
DNAJB1,DNAJB1
ENKUR,ENKUR
IGLV2-14,IGLV2-14
IGHV3-30,IGHV3-30
CSGALNACT2,CSGALNACT2
BTG1,BTG1
UTRN,UTRN
TGIF1,TGIF1
ATP13A3,ATP13A3
SPIC,SPIC
ODF2L,ODF2L
HERPUD1,HERPUD1
FSIP1,FSIP1
S100A12,S100A12
CPM,CPM
LINC00926,LINC00926
TRAV12-3,TRAV12-3
SLC2A3,SLC2A3
IL23A,IL23A
IGLV1-51,IGLV1-51
HDAC3,HDAC3
SAA1,SAA1
SNN,SNN
EEF1G,EEF1G
ARHGAP29,ARHGAP29
DAPP1,DAPP1
TNFSF8,TNFSF8
CEP290,CEP290
CCDC88A,CCDC88A
NRP1,NRP1
CD81,CD81
GYPA,GYPA
SSX2IP,SSX2IP
DNAJB9,DNAJB9
MSH3,MSH3
MAOA,MAOA
RAB31,RAB31
CD79B,CD79B
ALAS2,ALAS2
DUSP6,DUSP6
ARHGAP18,ARHGAP18
IL1RL1,IL1RL1
MYO1G,MYO1G
UBC,UBC
FRMD4B,FRMD4B
SSPN,SSPN
FOLR2,FOLR2
TRAPPC11,TRAPPC11
CD38,CD38
SYTL1,SYTL1
LINC00954,LINC00954
TRAV26-1,TRAV26-1
GDI1,GDI1
NUDT11,NUDT11
PITPNC1,PITPNC1
SLC7A7,SLC7A7
RNF212,RNF212
PTPRE,PTPRE
LTA,LTA
TSHZ3,TSHZ3
GIGYF1,GIGYF1
EZR,EZR
METTL7A,METTL7A
PPP2R2D,PPP2R2D
HBEGF,HBEGF
AP3M2,AP3M2
FRY,FRY
FPR2,FPR2
CPT1A,CPT1A
ACTG1,ACTG1
DMXL2,DMXL2
IL17RA,IL17RA
TRBV28,TRBV28
TRDV2,TRDV2
MCM7,MCM7
MACF1,MACF1
CREM,CREM
AGRP,AGRP
MAP3K3,MAP3K3
TLE1,TLE1
COQ7,COQ7
CEBPB,CEBPB
ZDHHC17,ZDHHC17
GP9,GP9
BAZ2B,BAZ2B
DNASE1,DNASE1
ZNF106,ZNF106
TRBV19,TRBV19
LGALS3,LGALS3
FPR3,FPR3
RGL4,RGL4
CCDC71L,CCDC71L
GFPT2,GFPT2
TLE4,TLE4
CHMP1B,CHMP1B
MS4A6A,MS4A6A
TRBV30,TRBV30
C5AR2,C5AR2
PLBD1,PLBD1
MICAL1,MICAL1
PNMA5,PNMA5
HLA-DMA,HLA-DMA
NEAT1,NEAT1
HERC2,HERC2
RNF13,RNF13
IFI30,IFI30
LZIC,LZIC
LINC01011,LINC01011
STXBP2,STXBP2
NDEL1,NDEL1
AHI1,AHI1
DOK2,DOK2
APMAP,APMAP
GBP2,GBP2
ZNF860,ZNF860
SLC6A16,SLC6A16
MRC1,MRC1
LINC01220,LINC01220
RABEP2,RABEP2
CFAP70,CFAP70
KMO,KMO
KPNA2,KPNA2
GCNT1,GCNT1
MGAM,MGAM
CD8A,CD8A
IL2RG,IL2RG
OCIAD2,OCIAD2
SVIL,SVIL
CENPU,CENPU
TNFRSF17,TNFRSF17
NCF4,NCF4
IGLV2-23,IGLV2-23
TPSB2,TPSB2
JDP2,JDP2
CAMK4,CAMK4
GRHL1,GRHL1
GBP5,GBP5
CD300A,CD300A
RORA,RORA
IFT57,IFT57
STAT1,STAT1
CITED4,CITED4
RAPGEF2,RAPGEF2
BEST1,BEST1
CCDC152,CCDC152
MAU2,MAU2
TYW1,TYW1
ZNF10,ZNF10
VCAM1,VCAM1
PTPN7,PTPN7
GFOD1,GFOD1
GCHFR,GCHFR
GPD1,GPD1
TRAC,TRAC
CCL18,CCL18
HELB,HELB
S100A2,S100A2
ACTN1,ACTN1
TNFRSF25,TNFRSF25
TPSAB1,TPSAB1
RENBP,RENBP
LINC00861,LINC00861
FILIP1L,FILIP1L
RBM47,RBM47
HSDL2,HSDL2
NOG,NOG
RHBDF2,RHBDF2
INPP4B,INPP4B
CAPG,CAPG
ENPP4,ENPP4
CLEC4E,CLEC4E
SPRED1,SPRED1
LANCL3,LANCL3
GPR132,GPR132
AREG,AREG
ARHGEF12,ARHGEF12
NPTXR,NPTXR
NUPR1,NUPR1
IVNS1ABP,IVNS1ABP
IGHV3-48,IGHV3-48
STEAP4,STEAP4
KDM6B,KDM6B
P2RX5,P2RX5
MFSD10,MFSD10
LINC00342,LINC00342
PRX,PRX
RBP7,RBP7
CCDC80,CCDC80
MARCKSL1,MARCKSL1
LRRFIP2,LRRFIP2
ATF7IP2,ATF7IP2
RILPL2,RILPL2
PTGDR,PTGDR
TRAV29DV5,TRAV29DV5
CD160,CD160
KLF2,KLF2
NFKB2,NFKB2
CASP5,CASP5
PLAC9,PLAC9
SIDT1,SIDT1
PAG1,PAG1
KDM1B,KDM1B
RRP12,RRP12
FOSL2,FOSL2
IGLV3-10,IGLV3-10
IGLV3-9,IGLV3-9
TUBB1,TUBB1
ITGAD,ITGAD
CREB5,CREB5
HMGA1,HMGA1
HMGB1,HMGB1
PIKFYVE,PIKFYVE
GNG2,GNG2
RGCC,RGCC
BTG3,BTG3
CD55,CD55
FCMR,FCMR
XBP1,XBP1
LY6E,LY6E
GOLGB1,GOLGB1
ALPL,ALPL
ATG16L2,ATG16L2
GNPDA1,GNPDA1
DAB2IP,DAB2IP
GNLY,GNLY
LARGE2,LARGE2
BACH1,BACH1
KMT2C,KMT2C
SH3BP2,SH3BP2
IKZF3,IKZF3
ZBTB37,ZBTB37
F2R,F2R
ZNF429,ZNF429
CD40,CD40
TRIM4,TRIM4
HSH2D,HSH2D
IGLV3-21,IGLV3-21
HLA-DRB1,HLA-DRB1
ABHD3,ABHD3
AP1S2,AP1S2
CD1D,CD1D
RBMS1,RBMS1
GOLGA8R,GOLGA8R
CDCA7L,CDCA7L
CCND3,CCND3
CD7,CD7
LIF,LIF
MSL3,MSL3
RASIP1,RASIP1
BOK,BOK
SLFN5,SLFN5
TRBV9,TRBV9
TCF4,TCF4
PRTN3,PRTN3
HBB,HBB
SNX13,SNX13
ZBTB7B,ZBTB7B
CTSD,CTSD
CAPN2,CAPN2
CDADC1,CDADC1
FES,FES
ZBTB18,ZBTB18
TRGC2,TRGC2
SCD,SCD
LDLRAD4,LDLRAD4
CR1,CR1
BRI3,BRI3
SIPA1L2,SIPA1L2
GPS2,GPS2
COL17A1,COL17A1
LINC02446,LINC02446
COLEC12,COLEC12
CXCL16,CXCL16
IL1R2,IL1R2
WDFY3,WDFY3
GSAP,GSAP
DUT,DUT
KIF3A,KIF3A
IGLV1-47,IGLV1-47
SHTN1,SHTN1
STRADB,STRADB
ADGRD1,ADGRD1
CLTCL1,CLTCL1
M1AP,M1AP
PDZK1IP1,PDZK1IP1
GALNT4,GALNT4
LYVE1,LYVE1
HOXB2,HOXB2
TRAV8-3,TRAV8-3
TMX4,TMX4
CRIM1,CRIM1
LAX1,LAX1
DUSP10,DUSP10
NCALD,NCALD
CD63,CD63
STX17,STX17
MIR4435-2HG,MIR4435-2HG
ISG15,ISG15
SNHG9,SNHG9
ERLIN1,ERLIN1
IGHG3,IGHG3
CALY,CALY
TRAV13-2,TRAV13-2
MAP3K2-DT,MAP3K2-DT
METTL7B,METTL7B
SYP,SYP
PDE4A,PDE4A
CD34,CD34
PTMA,PTMA
PLCG1,PLCG1
PHACTR2,PHACTR2
CYTH3,CYTH3
ANKRD31,ANKRD31
ST6GAL1,ST6GAL1
SPIDR,SPIDR
ADAMTS17,ADAMTS17
PRR7,PRR7
FURIN,FURIN
IGHV1-69D,IGHV1-69D
MMUT,MMUT
SMAD4,SMAD4
MFAP5,MFAP5
KIF21A,KIF21A
TRGV3,TRGV3
MCL1,MCL1
ITFG1,ITFG1
GZMA,GZMA
RTKN2,RTKN2
SYTL4,SYTL4
TRBV6-1,TRBV6-1
CX3CR1,CX3CR1
TCEAL9,TCEAL9
TUBB2A,TUBB2A
CTSA,CTSA
ILF3-DT,ILF3-DT
GP6,GP6
ATP2B1,ATP2B1
IER2,IER2
HIP1R,HIP1R
PRDX1,PRDX1
SEC11C,SEC11C
FGR,FGR
HBD,HBD
TANC1,TANC1
DLX2,DLX2
KDM5B,KDM5B
GSTP1,GSTP1
MMP1,MMP1
TRAV12-2,TRAV12-2
ZDHHC3,ZDHHC3
GBF1,GBF1
RIPOR2,RIPOR2
IL1RAP,IL1RAP
NAIP,NAIP
SYT5,SYT5
QRICH2,QRICH2
IGHV4-34,IGHV4-34
TOB1,TOB1
IGHV1-18,IGHV1-18
ZNF107,ZNF107
STARD4,STARD4
NLRC5,NLRC5
ANKHD1-EIF4EBP3,ANKHD1-EIF4EBP3
PTTG1IP,PTTG1IP
ZNF462,ZNF462
ABTB1,ABTB1
GPI,GPI
GEMIN7,GEMIN7
HLA-DOB,HLA-DOB
CTPS1,CTPS1
TLK1,TLK1
NEIL1,NEIL1
FAM53C,FAM53C
ITM2C,ITM2C
SYTL3,SYTL3
MYO1F,MYO1F
AGPAT4,AGPAT4
FOSB,FOSB
FCRL6,FCRL6
N4BP3,N4BP3
PTGS1,PTGS1
MYO15B,MYO15B
RALGDS,RALGDS
HDAC4,HDAC4
ACLY,ACLY
HMG20A,HMG20A
PREX1,PREX1
MEF2C,MEF2C
PNOC,PNOC
ITGAX,ITGAX
TUT7,TUT7
IGHV1-58,IGHV1-58
FOXO3,FOXO3
ALOX5AP,ALOX5AP
PAPSS1,PAPSS1
BCL6,BCL6
IGKV3-11,IGKV3-11
GPCPD1,GPCPD1
DDIT4,DDIT4
RASGRP4,RASGRP4
TRBV20-1,TRBV20-1
EHD1,EHD1
LINC00989,LINC00989
KLRC1,KLRC1
KMT2D,KMT2D
EFNA1,EFNA1
MRTFA,MRTFA
USP10,USP10
RHOBTB3,RHOBTB3
NCAM1,NCAM1
LUCAT1,LUCAT1
SMIM3,SMIM3
PCNX1,PCNX1
FLOT2,FLOT2
IL6R,IL6R
TRBV27,TRBV27
GADD45A,GADD45A
NPTX2,NPTX2
LMNA,LMNA
P2RY10,P2RY10
CENPM,CENPM
SSBP2,SSBP2
MAP4K2,MAP4K2
TTTY14,TTTY14
UACA,UACA
ID3,ID3
MCTP1,MCTP1
ZNF667-AS1,ZNF667-AS1
CLEC4A,CLEC4A
DIP2A,DIP2A
ABHD1,ABHD1
MAFA,MAFA
AHNAK,AHNAK
IGHV1-2,IGHV1-2
S100A8,S100A8
IGHV3-66,IGHV3-66
FAM120A,FAM120A
ACSL1,ACSL1
EMP3,EMP3
EXOC6B,EXOC6B
MIAT,MIAT
LIPC,LIPC
FCRLA,FCRLA
MFSD1,MFSD1
IGHV2-26,IGHV2-26
CAMP,CAMP
PF4,PF4
SAA2,SAA2
PNMT,PNMT
RIOK3,RIOK3
PDGFD,PDGFD
ENHO,ENHO
TRBV7-3,TRBV7-3
SP1,SP1
IGKV1-8,IGKV1-8
FAM193B,FAM193B
ABCA9,ABCA9
EPB41L2,EPB41L2
TMEM107,TMEM107
PPBP,PPBP
ARHGAP26,ARHGAP26
YTHDF3,YTHDF3
ARL6IP1,ARL6IP1
LGALS1,LGALS1
DOK1,DOK1
CAPS,CAPS
CLDND1,CLDND1
VCL,VCL
GZMB,GZMB
BHLHE40,BHLHE40
LTK,LTK
CSAD,CSAD
RNF213,RNF213
IL1R1,IL1R1
MAPRE2,MAPRE2
AFF3,AFF3
RGS3,RGS3
HTRA3,HTRA3
MED31,MED31
FCGR1A,FCGR1A
SSTR3,SSTR3
CADM1,CADM1
GLCCI1,GLCCI1
VEPH1,VEPH1
EVI2B,EVI2B
VASP,VASP
FECH,FECH
RBPJ,RBPJ
FXYD3,FXYD3
DENND2D,DENND2D
SLC25A44,SLC25A44
AQP10,AQP10
DSTYK,DSTYK
SLC35B2,SLC35B2
ITGAV,ITGAV
NINJ2,NINJ2
SLC40A1,SLC40A1
ST6GALNAC1,ST6GALNAC1
SLC38A7,SLC38A7
SMARCA4,SMARCA4
CLEC11A,CLEC11A
RAD50,RAD50
NPL,NPL
POU2F2,POU2F2
LRP1,LRP1
AGL,AGL
SNX20,SNX20
NSMCE1,NSMCE1
CRYBG1,CRYBG1
ADA2,ADA2
VPS13A,VPS13A
RGS18,RGS18
MSC,MSC
NPC2,NPC2
PUS10,PUS10
ZNF595,ZNF595
SERPING1,SERPING1
DHRS9,DHRS9
PHKA2,PHKA2
TBP,TBP
TRAT1,TRAT1
ZEB2,ZEB2
GIMAP4,GIMAP4
UBE2S,UBE2S
AGFG1,AGFG1
HPGD,HPGD
DNAH17,DNAH17
TENT5C,TENT5C
PAX5,PAX5
PTPRJ,PTPRJ
TFDP2,TFDP2
MAD2L2,MAD2L2
FBXO32,FBXO32
MAP2K3,MAP2K3
DCAF12,DCAF12
SLC1A3,SLC1A3
IGKV1-16,IGKV1-16
SDS,SDS
STX1A,STX1A
ENPP5,ENPP5
CHAMP1,CHAMP1
UBB,UBB
THAP2,THAP2
PYGL,PYGL
OXR1,OXR1
HTR7,HTR7
VEGFA,VEGFA
CA6,CA6
TRAV8-6,TRAV8-6
SPAG1,SPAG1
FSTL1,FSTL1
SYNGR2,SYNGR2
GPRIN3,GPRIN3
GCA,GCA
SMG5,SMG5
MT1F,MT1F
TRBV18,TRBV18
CD28,CD28
THSD1,THSD1
DNAJC5B,DNAJC5B
IGHV1-3,IGHV1-3
EFNA5,EFNA5
KIAA1671,KIAA1671
FGF14-AS2,FGF14-AS2
PLA2G15,PLA2G15
RBM14,RBM14
ZNF224,ZNF224
IGKV1D-8,IGKV1D-8
CCR1,CCR1
IQGAP1,IQGAP1
CHIT1,CHIT1
XPO6,XPO6
ACTA1,ACTA1
IRF7,IRF7
FERMT3,FERMT3
AP5Z1,AP5Z1
MDM2,MDM2
NEK1,NEK1
SEZ6,SEZ6
ST8SIA6,ST8SIA6
CCR7,CCR7
FAM89A,FAM89A
TMEM43,TMEM43
MEX3C,MEX3C
LINC01550,LINC01550
PGAP1,PGAP1
PLIN3,PLIN3
ARID5B,ARID5B
ITGAL,ITGAL
ZNF296,ZNF296
CREBRF,CREBRF
FANK1,FANK1
TRIB1,TRIB1
CLSTN3,CLSTN3
FYN,FYN
CBLB,CBLB
MEFV,MEFV
B3GAT2,B3GAT2
ESR2,ESR2
AQP9,AQP9
TSEN54,TSEN54
CACYBP,CACYBP
SESN1,SESN1
TOX,TOX
GNAQ,GNAQ
RAB27B,RAB27B
CD59,CD59
BCL2L15,BCL2L15
ZMIZ2,ZMIZ2
SLC12A2,SLC12A2
TFCP2L1,TFCP2L1
NBL1,NBL1
YBX3,YBX3
MEGF9,MEGF9
RNASE6,RNASE6
DGKH,DGKH
MVD,MVD
HCAR2,HCAR2
AP4B1,AP4B1
ZNF598,ZNF598
KIAA0825,KIAA0825
FOSL1,FOSL1
HEXB,HEXB
IMPACT,IMPACT
SULT1A1,SULT1A1
SMAD7,SMAD7
TMEM205,TMEM205
RND1,RND1
NFIB,NFIB
CAST,CAST
LILRA2,LILRA2
RAB6B,RAB6B
PPM1F,PPM1F
CLDN5,CLDN5
YPEL5,YPEL5
IGHV3-49,IGHV3-49
HEXIM1,HEXIM1
LINC02397,LINC02397
SMPD3,SMPD3
CXCR2,CXCR2
PTPN4,PTPN4
OSBPL2,OSBPL2
THBD,THBD
FKBP5,FKBP5
CHMP3,CHMP3
KLRC2,KLRC2
SELENBP1,SELENBP1
VNN1,VNN1
DDR2,DDR2
IGKV3-20,IGKV3-20
ZWINT,ZWINT
IFITM3,IFITM3
GPR171,GPR171
CELA1,CELA1
ENOX2,ENOX2
DPH6,DPH6
CFAP45,CFAP45
ALOX5,ALOX5
STK17A,STK17A
IGHV5-10-1,IGHV5-10-1
BOD1L1,BOD1L1
PRAM1,PRAM1
MYO1C,MYO1C
KCNJ2,KCNJ2
SLC39A8,SLC39A8
NABP1,NABP1
SDF2L1,SDF2L1
ZBED2,ZBED2
TRBV6-5,TRBV6-5
UPP1,UPP1
TRAV13-1,TRAV13-1
PGS1,PGS1
CASP3,CASP3
PHOSPHO1,PHOSPHO1
SDHAF2,SDHAF2
NEK5,NEK5
MGAT5,MGAT5
CD96,CD96
COBLL1,COBLL1
MARCO,MARCO
IL2,IL2
SAG,SAG
ATAD2B,ATAD2B
HDC,HDC
MYH11,MYH11
PLXNA4,PLXNA4
TUBA4A,TUBA4A
PLCL1,PLCL1
CXCL1,CXCL1
LRP2BP,LRP2BP
TRAV38-2DV8,TRAV38-2DV8
PLIN2,PLIN2
UBN2,UBN2
SENP2,SENP2
TBX21,TBX21
ACP5,ACP5
HIF1A,HIF1A
HSPA12A,HSPA12A
JMJD6,JMJD6
GYG1,GYG1
ARFGEF1,ARFGEF1
HLA-DQB1,HLA-DQB1
ADAP2,ADAP2
RNF24,RNF24
SPPL3,SPPL3
FASLG,FASLG
PRDM1,PRDM1
STAM2,STAM2
PARP8,PARP8
NFKBIZ,NFKBIZ
COLGALT1,COLGALT1
MTFP1,MTFP1
ULBP2,ULBP2
RALGPS2,RALGPS2
CAPN12,CAPN12
NT5C3A,NT5C3A
SIT1,SIT1
ANPEP,ANPEP
IFFO2,IFFO2
GNA13,GNA13
TRBV29-1,TRBV29-1
VPS37A,VPS37A
NLRP6,NLRP6
IRAK3,IRAK3
KCNAB2,KCNAB2
CTDSPL,CTDSPL
SNX18,SNX18
OSBPL5,OSBPL5
ARID1A,ARID1A
HPGDS,HPGDS
NFATC1,NFATC1
DGKZ,DGKZ
CALHM6,CALHM6
PNMA1,PNMA1
PPARG,PPARG
TMEM158,TMEM158
IMPA1,IMPA1
IGHV3-73,IGHV3-73
TTPAL,TTPAL
S100PBP,S100PBP
MYO7B,MYO7B
SVIP,SVIP
LPAR2,LPAR2
GLRX5,GLRX5
CFP,CFP
ZFP36L2,ZFP36L2
SLC43A2,SLC43A2
ST6GALNAC2,ST6GALNAC2
RCSD1,RCSD1
CST3,CST3
INHBB,INHBB
GLB1L2,GLB1L2
SKAP1,SKAP1
MERTK,MERTK
REL,REL
COL19A1,COL19A1
FBLN7,FBLN7
GBE1,GBE1
IGHV1-24,IGHV1-24
GRAP2,GRAP2
MET,MET
ACVR1C,ACVR1C
SYAP1,SYAP1
ANXA5,ANXA5
RNASEH2A,RNASEH2A
SLC23A2,SLC23A2
ADAMTS1,ADAMTS1
TPM1,TPM1
LRRC25,LRRC25
RPAP2,RPAP2
WWP2,WWP2
LIMCH1,LIMCH1
FCRL1,FCRL1
APBB1,APBB1
ZNF563,ZNF563
SNTB2,SNTB2
RESF1,RESF1
LINC01781,LINC01781
CLEC2B,CLEC2B
NLRC3,NLRC3
CHSY1,CHSY1
SELPLG,SELPLG
SNX22,SNX22
RTN3,RTN3
CSF1R,CSF1R
SDCBP,SDCBP
ZNF267,ZNF267
CDKN2D,CDKN2D
GTF2IRD2,GTF2IRD2
PACC1,PACC1
ATXN1,ATXN1
TC2N,TC2N
GMIP,GMIP
MON2,MON2
ASCL2,ASCL2
ASPM,ASPM
USP32,USP32
PRKAR2B,PRKAR2B
FBXL2,FBXL2
SH3YL1,SH3YL1
AEBP1,AEBP1
WDR17,WDR17
ZNF827,ZNF827
BCL2L11,BCL2L11
ZNF683,ZNF683
CXXC5,CXXC5
BHLHE41,BHLHE41
LINC01215,LINC01215
RCAN3,RCAN3
ZNF208,ZNF208
GCOM1,GCOM1
ITGB5,ITGB5
DNAAF1,DNAAF1
FBH1,FBH1
TPD52,TPD52
AFAP1L2,AFAP1L2
MECP2,MECP2
FUCA1,FUCA1
PPM1N,PPM1N
ALDOB,ALDOB
PSTPIP2,PSTPIP2
SHKBP1,SHKBP1
UPK3BL1,UPK3BL1
CCDC50,CCDC50
SRXN1,SRXN1
RNF125,RNF125
RIMKLB,RIMKLB
CCNA2,CCNA2
RP2,RP2
STX11,STX11
CCL2,CCL2
SLCO2B1,SLCO2B1
MAX,MAX
TESC,TESC
INTS1,INTS1
MITF,MITF
TMEM192,TMEM192
PGD,PGD
PRKD2,PRKD2
MXD1,MXD1
LCOR,LCOR
HVCN1,HVCN1
PRC1,PRC1
VAV3,VAV3
FCHSD1,FCHSD1
RAB11FIP1,RAB11FIP1
FMNL1,FMNL1
ERO1B,ERO1B
TP53INP1,TP53INP1
COL5A3,COL5A3
TRAV14DV4,TRAV14DV4
ANKRD33B,ANKRD33B
SGMS1,SGMS1
CAV2,CAV2
BIK,BIK
HEY1,HEY1
UBE2J1,UBE2J1
TCAF2,TCAF2
ARL4A,ARL4A
SP140,SP140
CHML,CHML
TAF1C,TAF1C
TMSB4X,TMSB4X
NFKBID,NFKBID
SMG7,SMG7
TRABD2A,TRABD2A
ANKRD54,ANKRD54
CYB561A3,CYB561A3
MED12,MED12
IFRD1,IFRD1
LXN,LXN
APOBEC3A,APOBEC3A
DCTN1,DCTN1
INKA2,INKA2
DBNDD1,DBNDD1
FHDC1,FHDC1
KCNAB3,KCNAB3
IGHV3-74,IGHV3-74
TMEM37,TMEM37
ACAD9,ACAD9
LILRB3,LILRB3
METTL22,METTL22
QSOX1,QSOX1
TRBV3-1,TRBV3-1
CUL5,CUL5
TSPAN4,TSPAN4
GPM6A,GPM6A
ZNF283,ZNF283
ZKSCAN2-DT,ZKSCAN2-DT
NEDD4,NEDD4
YPEL3,YPEL3
NLRP3,NLRP3
SOCS1,SOCS1
NRBF2,NRBF2
PARVG,PARVG
MAL,MAL
TGFB1,TGFB1
FDXR,FDXR
SUGCT,SUGCT
IP6K1,IP6K1
GTPBP1,GTPBP1
NCKAP5L,NCKAP5L
JAM3,JAM3
CYSTM1,CYSTM1
TMEM38A,TMEM38A
ARHGAP1,ARHGAP1
STAP1,STAP1
ZNF519,ZNF519
TAPT1,TAPT1
KIF22,KIF22
SLC8A1,SLC8A1
IRF4,IRF4
TRAV21,TRAV21
DGKE,DGKE
ABCA2,ABCA2
SRPK1,SRPK1
ITK,ITK
NOM1,NOM1
HES6,HES6
INTS6,INTS6
MCTP2,MCTP2
ZBTB10,ZBTB10
SPG11,SPG11
SNHG25,SNHG25
CDC42BPG,CDC42BPG
PIK3R5,PIK3R5
DOK3,DOK3
NBR1,NBR1
SPTLC2,SPTLC2
SULT1B1,SULT1B1
CSRNP1,CSRNP1
IQCH,IQCH
IRAK2,IRAK2
DNAJC5,DNAJC5
RRP1,RRP1
GLIS3,GLIS3
DZIP3,DZIP3
GRIPAP1,GRIPAP1
BOLA2B,BOLA2B
ZNF141,ZNF141
CD24,CD24
PROX1,PROX1
ABCC2,ABCC2
IFIT2,IFIT2
MAGEH1,MAGEH1
ILK,ILK
HBM,HBM
SGSM1,SGSM1
LY9,LY9
PGC,PGC
PDE4DIP,PDE4DIP
BMP6,BMP6
NUCB2,NUCB2
ABHD5,ABHD5
SC5D,SC5D
HSPA8,HSPA8
IGKV3-15,IGKV3-15
DLL1,DLL1
LARP4B,LARP4B
HMGCS1,HMGCS1
ARPC5,ARPC5
AGTRAP,AGTRAP
NT5E,NT5E
PIP5KL1,PIP5KL1
CD44,CD44
CAPN5,CAPN5
AGPS,AGPS
CHI3L1,CHI3L1
MTSS1,MTSS1
KYNU,KYNU
LBH,LBH
TRBV12-3,TRBV12-3
PNP,PNP
VNN2,VNN2
RNGTT,RNGTT
SH2D2A,SH2D2A
MAP4K5,MAP4K5
S100A1,S100A1
TFRC,TFRC
ORM2,ORM2
MAP7D3,MAP7D3
POU2AF1,POU2AF1
GSTM4,GSTM4
SIRPA,SIRPA
WDR74,WDR74
NTRK1,NTRK1
CPNE3,CPNE3
IDS,IDS
RCC1,RCC1
TNIK,TNIK
FHIT,FHIT
SLA,SLA
CISH,CISH
PTGER4,PTGER4
ITGAM,ITGAM
KBTBD6,KBTBD6
SLC38A2,SLC38A2
GOLGA3,GOLGA3
PPM1A,PPM1A
SEMA4D,SEMA4D
RNF145,RNF145
CCAR2,CCAR2
IL18,IL18
MFAP3L,MFAP3L
FJX1,FJX1
ZMYND10,ZMYND10
ICE1,ICE1
EYS,EYS
LINC00910,LINC00910
LY6G6F,LY6G6F
BNIP3,BNIP3
ATP2B4,ATP2B4
IL12RB2,IL12RB2
TALDO1,TALDO1
PKN2,PKN2
IL24,IL24
ACSL4,ACSL4
PPP1R14A,PPP1R14A
RAG1,RAG1
TRGV9,TRGV9
CFH,CFH
SLC15A4,SLC15A4
RCHY1,RCHY1
PICK1,PICK1
TCIRG1,TCIRG1
NEGR1,NEGR1
AKAP6,AKAP6
PHC2,PHC2
KRT81,KRT81
TRBV6-2,TRBV6-2
B4GALT6,B4GALT6
ZDHHC18,ZDHHC18
FAM177A1,FAM177A1
SAP30,SAP30
P2RX7,P2RX7
PTPN12,PTPN12
CCND2,CCND2
PLVAP,PLVAP
EBF1,EBF1
LY96,LY96
GATA2,GATA2
NMB,NMB
ABLIM1,ABLIM1
TRBV4-2,TRBV4-2
CFAP20,CFAP20
TMEM106C,TMEM106C
RHOC,RHOC
MT1X,MT1X
PPP3CB,PPP3CB
APC,APC
PPP2R3A,PPP2R3A
ATP11A,ATP11A
PLXND1,PLXND1
KIZ,KIZ
SMIM22,SMIM22
WNT11,WNT11
EPM2A,EPM2A
ZC3H8,ZC3H8
MAPK6,MAPK6
ETS1,ETS1
GPNMB,GPNMB
BCL3,BCL3
RALGAPA2,RALGAPA2
LCN10,LCN10
SLC5A5,SLC5A5
TIFA,TIFA
PHACTR4,PHACTR4
NOD2,NOD2
EPB41L3,EPB41L3
ANGPT1,ANGPT1
SEPTIN11,SEPTIN11
EVC2,EVC2
PSD4,PSD4
IGHV3-23,IGHV3-23
KCTD6,KCTD6
RAF1,RAF1
CDS2,CDS2
ETS2,ETS2
HLA-DQA2,HLA-DQA2
KLF4,KLF4
MYBPC2,MYBPC2
TNFSF15,TNFSF15
ANKRD9,ANKRD9
ZNF829,ZNF829
ATP7A,ATP7A
CITED2,CITED2
BNIP3L,BNIP3L
SAR1B,SAR1B
ADAM19,ADAM19
LINC01176,LINC01176
MICU1,MICU1
PLEKHM2,PLEKHM2
FAM193A,FAM193A
TRIM72,TRIM72
ASH2L,ASH2L
MEG3,MEG3
CDC14A,CDC14A
DDB2,DDB2
B3GNT2,B3GNT2
ELL2,ELL2
TNFSF11,TNFSF11
MCOLN1,MCOLN1
NT5C,NT5C
IDO1,IDO1
RNPC3,RNPC3
CCDC159,CCDC159
PRF1,PRF1
UNC13D,UNC13D
ITPRIP,ITPRIP
EGR2,EGR2
PTMS,PTMS
ENOSF1,ENOSF1
LINC00996,LINC00996
SH2D1A,SH2D1A
USP39,USP39
TSNAX,TSNAX
IGHV6-1,IGHV6-1
POFUT1,POFUT1
SLC2A1,SLC2A1
CNST,CNST
ZNF277,ZNF277
DEPTOR,DEPTOR
RAMP2,RAMP2
MYLK4,MYLK4
MAP1B,MAP1B
ENAH,ENAH
LAPTM4B,LAPTM4B
MBOAT7,MBOAT7
DOP1B,DOP1B
PPFIBP1,PPFIBP1
PLXDC2,PLXDC2
CPNE7,CPNE7
SLC22A15,SLC22A15
DTHD1,DTHD1
LINC01588,LINC01588
SOCS2,SOCS2
AGO2,AGO2
MZB1,MZB1
FXR2,FXR2
BST1,BST1
GREB1L,GREB1L
TRIM56,TRIM56
MYD88,MYD88
CATIP,CATIP
ENPP1,ENPP1
RIPK2,RIPK2
ANK3,ANK3
SUPV3L1,SUPV3L1
LINC00623,LINC00623
HERC5,HERC5
BCAS4,BCAS4
TNFRSF12A,TNFRSF12A
LCORL,LCORL
IQCG,IQCG
ACSL3,ACSL3
STAT5B,STAT5B
SMIM1,SMIM1
LINC00638,LINC00638
CPPED1,CPPED1
IGHV3-13,IGHV3-13
POR,POR
SLITRK5,SLITRK5
IGLV6-57,IGLV6-57
TBC1D14,TBC1D14
MMP11,MMP11
CNOT6L,CNOT6L
SPOCD1,SPOCD1
HOPX,HOPX
LINC02132,LINC02132
LRRC28,LRRC28
NAA35,NAA35
MMP23B,MMP23B
CDK6,CDK6
CAVIN2,CAVIN2
LLGL2,LLGL2
KIR2DL1,KIR2DL1
TRAV23DV6,TRAV23DV6
CEP128,CEP128
CCDC171,CCDC171
ATP8A1,ATP8A1
CD302,CD302
DENND3,DENND3
STRADA,STRADA
TBXAS1,TBXAS1
TCOF1,TCOF1
APP,APP
ZNF425,ZNF425
CHORDC1,CHORDC1
SSR4,SSR4
KLF1,KLF1
ZAP70,ZAP70
NCKAP1,NCKAP1
SHROOM4,SHROOM4
GADD45G,GADD45G
MIR222HG,MIR222HG
MCF2,MCF2
ARVCF,ARVCF
EZH2,EZH2
PRKCA,PRKCA
TRAV2,TRAV2
TRDV1,TRDV1
GAN,GAN
SAMD14,SAMD14
HCG27,HCG27
TCHH,TCHH
TRBV12-4,TRBV12-4
ITPR1,ITPR1
RNF157,RNF157
CA2,CA2
UBE2T,UBE2T
CARHSP1,CARHSP1
ADAP1,ADAP1
ITM2B,ITM2B
PRPS2,PRPS2
MPP1,MPP1
ZCCHC18,ZCCHC18
CR2,CR2
ZNF101,ZNF101
SCIN,SCIN
TNNI3,TNNI3
CD37,CD37
ITGA6,ITGA6
MYO3B,MYO3B
SPG7,SPG7
CDKN3,CDKN3
NUP85,NUP85
PDK4,PDK4
RASGEF1A,RASGEF1A
LINC02384,LINC02384
LRRK2,LRRK2
CLIC6,CLIC6
TENT5A,TENT5A
OTUD1,OTUD1
EFHC2,EFHC2
ACSM3,ACSM3
ACOD1,ACOD1
DRAXIN,DRAXIN
FAM219A,FAM219A
TES,TES
ADIRF,ADIRF
EGLN1,EGLN1
KIR3DX1,KIR3DX1
MAN2C1,MAN2C1
HAPLN3,HAPLN3
CDHR1,CDHR1
PLPP5,PLPP5
GIMAP6,GIMAP6
FOXO1,FOXO1
DGKD,DGKD
PEG10,PEG10
SPEF2,SPEF2
EMSY,EMSY
RRAS2,RRAS2
CGAS,CGAS
FCHO2,FCHO2
GALNT7,GALNT7
RHCE,RHCE
IGLL1,IGLL1
MX1,MX1
ANKRD36C,ANKRD36C
RUNX2,RUNX2
SERPINB8,SERPINB8
SGSM2,SGSM2
OTOF,OTOF
FBXO38,FBXO38
THEMIS,THEMIS
KLRG1,KLRG1
TRGV4,TRGV4
LUC7L,LUC7L
CMC1,CMC1
MFN2,MFN2
KLHL21,KLHL21
FNBP1L,FNBP1L
TRAV27,TRAV27
NREP,NREP
PPP1R9A,PPP1R9A
TSPAN5,TSPAN5
PNPLA1,PNPLA1
S1PR5,S1PR5
TRBV11-2,TRBV11-2
NBEAL2,NBEAL2
NCR3,NCR3
TRIM25,TRIM25
AKAP9,AKAP9
PTTG1,PTTG1
TRAV9-2,TRAV9-2
PFN1,PFN1
CHFR,CHFR
TNRC6C,TNRC6C
PVRIG,PVRIG
PTCH1,PTCH1
SLC7A11,SLC7A11
MACROD2,MACROD2
CRIP2,CRIP2
CTSG,CTSG
ULK1,ULK1
CXCL10,CXCL10
TRBV5-4,TRBV5-4
HGS,HGS
RNF19B,RNF19B
PEAR1,PEAR1
KIT,KIT
RMI2,RMI2
IGLL5,IGLL5
ZEB1,ZEB1
MSL1,MSL1
LRP12,LRP12
GASK1B,GASK1B
TCF12,TCF12
MAP1LC3A,MAP1LC3A
TMEM40,TMEM40
MR1,MR1
PLCE1,PLCE1
PBX4,PBX4
XPR1,XPR1
ZBTB43,ZBTB43
PMCH,PMCH
RNF10,RNF10
AHR,AHR
FAM8A1,FAM8A1
CLCF1,CLCF1
MT1G,MT1G
LRIF1,LRIF1
DYSF,DYSF
CC2D2B,CC2D2B
HSD17B12,HSD17B12
TTC21A,TTC21A
CCDC28B,CCDC28B
PROS1,PROS1
FCRL5,FCRL5
ZC3H11A,ZC3H11A
ZNF75D,ZNF75D
TRGV10,TRGV10
PLEKHG3,PLEKHG3
PRKCD,PRKCD
BBC3,BBC3
LMO4,LMO4
LHFPL2,LHFPL2
IGHV3-64D,IGHV3-64D
PEX11G,PEX11G
CDK17,CDK17
RETREG1,RETREG1
CNTROB,CNTROB
SELP,SELP
REPS2,REPS2
CCDC65,CCDC65
PIR,PIR
SYCP3,SYCP3
CXCR3,CXCR3
PLXNB2,PLXNB2
PRR4,PRR4
DDX43,DDX43
CBX4,CBX4
LAT2,LAT2
TACSTD2,TACSTD2
CHST2,CHST2
PBX2,PBX2
RNF144B,RNF144B
ARFGAP1,ARFGAP1
LHPP,LHPP
TSPAN3,TSPAN3
SNX10,SNX10
EOMES,EOMES
LCN2,LCN2
LINC02076,LINC02076
PLSCR1,PLSCR1
FHL3,FHL3
ZNF714,ZNF714
RDH10,RDH10
ENO2,ENO2
SAMD4B,SAMD4B
PLIN5,PLIN5
ORAI2,ORAI2
SLC25A34,SLC25A34
LINC02227,LINC02227
GOLGA6L9,GOLGA6L9
ACAD8,ACAD8
ASPH,ASPH
BRAP,BRAP
WDR36,WDR36
LINC02067,LINC02067
PLCXD2,PLCXD2
FNDC3B,FNDC3B
CCDC146,CCDC146
GEM,GEM
RNF149,RNF149
XPO7,XPO7
ATF4,ATF4
DMTN,DMTN
RSPH3,RSPH3
ODF3B,ODF3B
DHRS13,DHRS13
CAMK2N1,CAMK2N1
RAB20,RAB20
SERPINA1,SERPINA1
PRG2,PRG2
MIR155HG,MIR155HG
KLRK1,KLRK1
SP3,SP3
NEU1,NEU1
BCL11A,BCL11A
RAB27A,RAB27A
RNASEK,RNASEK
TNFRSF1A,TNFRSF1A
ARHGAP45,ARHGAP45
LYST,LYST
MXI1,MXI1
GPR84,GPR84
CARD11,CARD11
BCL7A,BCL7A
DENND5A,DENND5A
KEL,KEL
DPF3,DPF3
TMCC2,TMCC2
MIB2,MIB2
ATP1B3,ATP1B3
CSNK1E,CSNK1E
PTPRK,PTPRK
SLU7,SLU7
MAPK8IP3,MAPK8IP3
MAMLD1,MAMLD1
TMIGD2,TMIGD2
AP1G1,AP1G1
SIGLEC1,SIGLEC1
GPX3,GPX3
MAPK10,MAPK10
TREML4,TREML4
SCN8A,SCN8A
FGFR1,FGFR1
ANGEL2,ANGEL2
CSF3R,CSF3R
BORCS8,BORCS8
HES4,HES4
NXF1,NXF1
CDK12,CDK12
PIK3CB,PIK3CB
TMC5,TMC5
NIPBL,NIPBL
FXYD2,FXYD2
USP36,USP36
ANTXR2,ANTXR2
KRT18,KRT18
DDX60L,DDX60L
TMEM119,TMEM119
NEK8,NEK8
ACRBP,ACRBP
ZFYVE28,ZFYVE28
TRAV6,TRAV6
ABCC1,ABCC1
LINC02207,LINC02207
IGLV4-69,IGLV4-69
HHEX,HHEX
ELP1,ELP1
FHOD1,FHOD1
ARFGEF2,ARFGEF2
TNNT1,TNNT1
SLC1A2,SLC1A2
MATK,MATK
BAG3,BAG3
TECPR2,TECPR2
LINGO3,LINGO3
CAP1,CAP1
KHDRBS3,KHDRBS3
PIAS2,PIAS2
SLC44A1,SLC44A1
SMAP2,SMAP2
DLGAP4,DLGAP4
FAM3D,FAM3D
CCDC112,CCDC112
SLCO3A1,SLCO3A1
ALKBH1,ALKBH1
NEDD4L,NEDD4L
ZNF584,ZNF584
OSER1,OSER1
GLDN,GLDN
TCF3,TCF3
LINC01281,LINC01281
BEX1,BEX1
CD83,CD83
IGHV1-46,IGHV1-46
NBEAL1,NBEAL1
SMURF2,SMURF2
OSR2,OSR2
MBD6,MBD6
LTC4S,LTC4S
AGO4,AGO4
IER5L,IER5L
CCDC34,CCDC34
CHD7,CHD7
RSU1,RSU1
CLEC7A,CLEC7A
TUBB6,TUBB6
LGALS3BP,LGALS3BP
TESPA1,TESPA1
MAP3K20,MAP3K20
TCTN1,TCTN1
KDM3A,KDM3A
GRAMD1A,GRAMD1A
FMNL2,FMNL2
IGHV3-11,IGHV3-11
PCF11,PCF11
HAL,HAL
PPP1R15B,PPP1R15B
KL,KL
SMURF1,SMURF1
MTA1,MTA1
TRAV19,TRAV19
CAMK2G,CAMK2G
ABCD1,ABCD1
SESN3,SESN3
LINC02099,LINC02099
CADPS,CADPS
ARRB2,ARRB2
EZH1,EZH1
SLCO4C1,SLCO4C1
CMTM5,CMTM5
CFAP73,CFAP73
ATF3,ATF3
KLHL2,KLHL2
TMED5,TMED5
MIF,MIF
NPLOC4,NPLOC4
DUSP5,DUSP5
LDHB,LDHB
TAGLN,TAGLN
ANKRD39,ANKRD39
SETBP1,SETBP1
CLEC4G,CLEC4G
GPBP1L1,GPBP1L1
AURKC,AURKC
KCNQ1,KCNQ1
TSPAN32,TSPAN32
FGF9,FGF9
HK3,HK3
PLK3,PLK3
NFE2,NFE2
FKBP2,FKBP2
RAB18,RAB18
GPR160,GPR160
SEL1L3,SEL1L3
CDK5RAP2,CDK5RAP2
HSPB1,HSPB1
SDR42E2,SDR42E2
GZMK,GZMK
CETN2,CETN2
ZMPSTE24,ZMPSTE24
PPP4R3A,PPP4R3A
PIP4P2,PIP4P2
STEAP1B,STEAP1B
ADSL,ADSL
LINC01725,LINC01725
NXPE3,NXPE3
GSK3B,GSK3B
DCUN1D4,DCUN1D4
GBP1,GBP1
CPD,CPD
PLEKHG1,PLEKHG1
MROH1,MROH1
TREM2,TREM2
NGFR,NGFR
SNX14,SNX14
ZNF318,ZNF318
GAPDH,GAPDH
PALLD,PALLD
IGF2BP3,IGF2BP3
DSEL,DSEL
CYP19A1,CYP19A1
SCML4,SCML4
RBM38,RBM38
TNFSF9,TNFSF9
TNFSF13B,TNFSF13B
EIF4E,EIF4E
HMGN5,HMGN5
SERPINB10,SERPINB10
TULP2,TULP2
DNAJA4,DNAJA4
DUSP16,DUSP16
TAF1B,TAF1B
CYGB,CYGB
SFXN1,SFXN1
HEATR3,HEATR3
RAB3D,RAB3D
APOBR,APOBR
GATA1,GATA1
DNAH6,DNAH6
TRAV4,TRAV4
NRIP3,NRIP3
ZNF600,ZNF600
WWC3,WWC3
ZNF431,ZNF431
GRB10,GRB10
TROAP,TROAP
SPRYD3,SPRYD3
ATP8B2,ATP8B2
ARHGAP44,ARHGAP44
CCDC137,CCDC137
SPEN,SPEN
SERTAD1,SERTAD1
ZBTB48,ZBTB48
IGLV3-25,IGLV3-25
TGFB1I1,TGFB1I1
GAB1,GAB1
LEF1,LEF1
P2RX5-TAX1BP3,P2RX5-TAX1BP3
PDK3,PDK3
ACTA2,ACTA2
CHRNA10,CHRNA10
CCDC168,CCDC168
MEIOC,MEIOC
TRAF1,TRAF1
EGFL7,EGFL7
ECHDC3,ECHDC3
TRGV2,TRGV2
CHID1,CHID1
PADI4,PADI4
IL23R,IL23R
CCNB1,CCNB1
MAP4K4,MAP4K4
ZBED4,ZBED4
ICAM1,ICAM1
LINC02195,LINC02195
PILRB,PILRB
ANKZF1,ANKZF1
RFX2,RFX2
HGD,HGD
RUSC2,RUSC2
STX3,STX3
MSH6,MSH6
NEK10,NEK10
OSBP2,OSBP2
NPRL2,NPRL2
TPH1,TPH1
SYN2,SYN2
EDAR,EDAR
CEP55,CEP55
TMIGD3,TMIGD3
LINC01506,LINC01506
EMB,EMB
TMCC1,TMCC1
QRSL1,QRSL1
BICRAL,BICRAL
DNASE1L3,DNASE1L3
NIBAN1,NIBAN1
ABCC4,ABCC4
P2RX1,P2RX1
GBP4,GBP4
SLC2A14,SLC2A14
STAT4,STAT4
SYNJ2,SYNJ2
VAMP1,VAMP1
DHFR,DHFR
NCK2,NCK2
TMEM30B,TMEM30B
B4GALT5,B4GALT5
MYO10,MYO10
ELOVL7,ELOVL7
DBNDD2,DBNDD2
PATL2,PATL2
MFN1,MFN1
RAP1GAP2,RAP1GAP2
MIR3681HG,MIR3681HG
LPAR6,LPAR6
CDT1,CDT1
MGST1,MGST1
SETD1B,SETD1B
LRRC32,LRRC32
FKBP1A,FKBP1A
NFATC2,NFATC2
TP53I3,TP53I3
IGHV4-59,IGHV4-59
MS4A4A,MS4A4A
PLXNC1,PLXNC1
SERP2,SERP2
CEP164,CEP164
GCDH,GCDH
SLC26A5,SLC26A5
DLG5,DLG5
GNS,GNS
KCNK13,KCNK13
GPR34,GPR34
GNAI2,GNAI2
IMPDH1,IMPDH1
KBTBD7,KBTBD7
RBBP8,RBBP8
ARAF,ARAF
OLR1,OLR1
TRAF4,TRAF4
OLFM2,OLFM2
LIPG,LIPG
POLG2,POLG2
RPH3A,RPH3A
CMSS1,CMSS1
TMEM44,TMEM44
HRH1,HRH1
TK1,TK1
SLC35C2,SLC35C2
FANCD2,FANCD2
CNTNAP3B,CNTNAP3B
HNRNPA1L2,HNRNPA1L2
LINC00324,LINC00324
TRAV8-2,TRAV8-2
IL5RA,IL5RA
FBXW2,FBXW2
NAA15,NAA15
GYPB,GYPB
E4F1,E4F1
CTDP1,CTDP1
NMT2,NMT2
DLC1,DLC1
FCGRT,FCGRT
IGHV1-69,IGHV1-69
SLC31A2,SLC31A2
ATG4B,ATG4B
ZYX,ZYX
LDLRAP1,LDLRAP1
TRIM24,TRIM24
TLE6,TLE6
AKR1C2,AKR1C2
SLC4A1,SLC4A1
EGR1,EGR1
PLAAT3,PLAAT3
SGSH,SGSH
CLEC1B,CLEC1B
CLEC10A,CLEC10A
CAPN15,CAPN15
CYB5D2,CYB5D2
PPARA,PPARA
PAN2,PAN2
ANKRD20A1,ANKRD20A1
OSBPL8,OSBPL8
TUBA1C,TUBA1C
MYBPC3,MYBPC3
LRRC49,LRRC49
MXRA7,MXRA7
PARP12,PARP12
ABI3,ABI3
RHBDD2,RHBDD2
LINC02084,LINC02084
USP28,USP28
RBMS3,RBMS3
XKR4,XKR4
NOCT,NOCT
ARL4D,ARL4D
TRBV6-6,TRBV6-6
SLAMF6,SLAMF6
SNX9,SNX9
JAKMIP2,JAKMIP2
CXCL2,CXCL2
ADGRE2,ADGRE2
MAP2K1,MAP2K1
E2F3,E2F3
TIMP3,TIMP3
SQSTM1,SQSTM1
RIF1,RIF1
USP38,USP38
ATP8B4,ATP8B4
RBPMS,RBPMS
RAB37,RAB37
TNFRSF13B,TNFRSF13B
FLT1,FLT1
MLLT3,MLLT3
CARNS1,CARNS1
TMEM176A,TMEM176A
ARHGEF18,ARHGEF18
LINC01374,LINC01374
PDE3B,PDE3B
IL13RA1,IL13RA1
SLA2,SLA2
QRICH1,QRICH1
RFTN2,RFTN2
ANGPTL4,ANGPTL4
TRIM36,TRIM36
MAP9,MAP9
LINC01393,LINC01393
SLFN12L,SLFN12L
HNRNPLL,HNRNPLL
TRAV5,TRAV5
PDE5A,PDE5A
EIF4E3,EIF4E3
TMEM63A,TMEM63A
IER5,IER5
GIPC2,GIPC2
E2F5,E2F5
PGRMC1,PGRMC1
IGF2R,IGF2R
IGHV3-7,IGHV3-7
RANBP10,RANBP10
MANF,MANF
HIP1,HIP1
WDFY2,WDFY2
ZBTB40,ZBTB40
ZBTB38,ZBTB38
CCNG2,CCNG2
PRMT9,PRMT9
PTAFR,PTAFR
PMM1,PMM1
TECPR1,TECPR1
LDHA,LDHA
MNT,MNT
RBL2,RBL2
NTNG2,NTNG2
ZNF654,ZNF654
SMG9,SMG9
TMEM156,TMEM156
OLFML2B,OLFML2B
CXCR1,CXCR1
RACGAP1,RACGAP1
TSPAN9,TSPAN9
ZNF236,ZNF236
ANKRD36,ANKRD36
ZNF664,ZNF664
ZNF92,ZNF92
CD6,CD6
RGPD1,RGPD1
TTLL3,TTLL3
ATG2A,ATG2A
CHP1,CHP1
DRAIC,DRAIC
ANKH,ANKH
TVP23A,TVP23A
CEP126,CEP126
ARSD,ARSD
MAN2A2,MAN2A2
SRGAP1,SRGAP1
SREK1,SREK1
PNPLA2,PNPLA2
ORC6,ORC6
MYOM2,MYOM2
CD1C,CD1C
GNB5,GNB5
RAD9A,RAD9A
MGAT1,MGAT1
SRA1,SRA1
TREML1,TREML1
GPR155,GPR155
LMNB1,LMNB1
TMOD3,TMOD3
PATJ,PATJ
PTPN22,PTPN22
FGF22,FGF22
DENND1A,DENND1A
KCNMA1,KCNMA1
YJEFN3,YJEFN3
RIN2,RIN2
SYT1,SYT1
PPP2R5C,PPP2R5C
AK5,AK5
CORO2A,CORO2A
KRT8,KRT8
ADAM9,ADAM9
TNS3,TNS3
KDM4B,KDM4B
SCIMP,SCIMP
ZNF33A,ZNF33A
CRYM,CRYM
SLC30A4,SLC30A4
BAIAP2L1,BAIAP2L1
HYOU1,HYOU1
ADAM8,ADAM8
CENPL,CENPL
MUCL1,MUCL1
ANXA2R,ANXA2R
GCSAM,GCSAM
MAP3K9,MAP3K9
CLASP1,CLASP1
RAB43,RAB43
NETO1,NETO1
ERCC5,ERCC5
APOLD1,APOLD1
FAM178B,FAM178B
SLC37A3,SLC37A3
CYFIP1,CYFIP1
GMPR,GMPR
DNAJB6,DNAJB6
NUAK1,NUAK1
ARRDC1,ARRDC1
SLC16A6,SLC16A6
DYNLL1,DYNLL1
TRAV41,TRAV41
CYP4F3,CYP4F3
CLEC2D,CLEC2D
PBX1,PBX1
TRBV5-6,TRBV5-6
FLT3,FLT3
ADAM12,ADAM12
TPM3,TPM3
ZNF703,ZNF703
PTPRB,PTPRB
KIAA0513,KIAA0513
TLE5,TLE5
CTLA4,CTLA4
RNF43,RNF43
DHDH,DHDH
TLR8,TLR8
EREG,EREG
DPP4,DPP4
HCK,HCK
GFI1,GFI1
TBCEL,TBCEL
TSPAN18,TSPAN18
RASSF4,RASSF4
HIF1A-AS3,HIF1A-AS3
ZNF804A,ZNF804A
ZC3H18,ZC3H18
CD27,CD27
HKDC1,HKDC1
MAP3K11,MAP3K11
GAREM1,GAREM1
SPRY2,SPRY2
SCGB3A1,SCGB3A1
PM20D1,PM20D1
ZFHX3,ZFHX3
LPCAT2,LPCAT2
C3AR1,C3AR1
AMY2B,AMY2B
NR1D1,NR1D1
CHST15,CHST15
ASTL,ASTL
STRN4,STRN4
S1PR2,S1PR2
FAM47E,FAM47E
CXCR5,CXCR5
GNAO1,GNAO1
FUT7,FUT7
ZNF891,ZNF891
TFPI,TFPI
ABCA1,ABCA1
LGALSL,LGALSL
CCDC125,CCDC125
LRRN1,LRRN1
RNF175,RNF175
CSKMT,CSKMT
GABARAP,GABARAP
YES1,YES1
PTGER2,PTGER2
MTFMT,MTFMT
PDGFRA,PDGFRA
TUBB2B,TUBB2B
PLCB1,PLCB1
NCR1,NCR1
FAM43A,FAM43A
PAM,PAM
ALCAM,ALCAM
DHCR24,DHCR24
IGKV1-5,IGKV1-5
LINC01993,LINC01993
DGAT2,DGAT2
KPNA1,KPNA1
LRP10,LRP10
NGLY1,NGLY1
GAS6,GAS6
CDH13,CDH13
IGFLR1,IGFLR1
SLC25A37,SLC25A37
ACKR4,ACKR4
BNIPL,BNIPL
GPAT4,GPAT4
PPP1R14B,PPP1R14B
FABP3,FABP3
HCAR3,HCAR3
FLT4,FLT4
GALM,GALM
PLEKHA5,PLEKHA5
TRAV12-1,TRAV12-1
KCNA3,KCNA3
CD209,CD209
ADGRG1,ADGRG1
HSD17B2,HSD17B2
ZNF831,ZNF831
ZNF117,ZNF117
MATN2,MATN2
SLAMF7,SLAMF7
ASGR1,ASGR1
NFIA,NFIA
DDX41,DDX41
RAP1B,RAP1B
LAMP5,LAMP5
ITGB3,ITGB3
DUSP4,DUSP4
ATP6V0C,ATP6V0C
TG,TG
TBC1D19,TBC1D19
CPA3,CPA3
MCM3,MCM3
PHF20L1,PHF20L1
CNRIP1,CNRIP1
IGFBP4,IGFBP4
P3H4,P3H4
EPS8,EPS8
SGO1,SGO1
RAPGEF6,RAPGEF6
TRAV8-4,TRAV8-4
TSPAN2,TSPAN2
C5AR1,C5AR1
TUBA8,TUBA8
GKAP1,GKAP1
TSPOAP1,TSPOAP1
AMPD3,AMPD3
TMEM213,TMEM213
MKNK2,MKNK2
LINC00513,LINC00513
ETNK1,ETNK1
USP21,USP21
TMEM176B,TMEM176B
ADAMTS2,ADAMTS2
PDCD1,PDCD1
OXTR,OXTR
AREL1,AREL1
GRAMD4,GRAMD4
FAM110A,FAM110A
NECAB2,NECAB2
LSP1,LSP1
ADRA2B,ADRA2B
SLC35A3,SLC35A3
NGRN,NGRN
PLAU,PLAU
CLEC5A,CLEC5A
CHKA,CHKA
SLPI,SLPI
TBKBP1,TBKBP1
SEC24A,SEC24A
CCL25,CCL25
PIM2,PIM2
TGM2,TGM2
IL1A,IL1A
C1QTNF4,C1QTNF4
CNR1,CNR1
LIME1,LIME1
MSMO1,MSMO1
PRKCB,PRKCB
UBASH3A,UBASH3A
SZT2,SZT2
HMCES,HMCES
MYRF,MYRF
CFLAR,CFLAR
PBK,PBK
DBT,DBT
TPST2,TPST2
SAV1,SAV1
TRAPPC5,TRAPPC5
TBC1D30,TBC1D30
FAM217B,FAM217B
ATP6V1D,ATP6V1D
PTK2B,PTK2B
ADAMTS4,ADAMTS4
TRPM2,TRPM2
LSR,LSR
IGF1R,IGF1R
JAK3,JAK3
PLK1,PLK1
TXNDC16,TXNDC16
CHD2,CHD2
TRA2B,TRA2B
TCTN2,TCTN2
IL21R,IL21R
CD19,CD19
HS3ST3B1,HS3ST3B1
KIF5C,KIF5C
DNMBP,DNMBP
MYO6,MYO6
PRRG4,PRRG4
CADM2,CADM2
MANSC1,MANSC1
IGFBP2,IGFBP2
PLCH2,PLCH2
USP53,USP53
IFITM1,IFITM1
VPS9D1,VPS9D1
ROCK1,ROCK1
CYP27A1,CYP27A1
SYNM,SYNM
WDR13,WDR13
PASK,PASK
TCN2,TCN2
CYP46A1,CYP46A1
ACVR2B,ACVR2B
NELL2,NELL2
BICRA,BICRA
BEX2,BEX2
PTGS2,PTGS2
FAAH2,FAAH2
TRAV20,TRAV20
PIK3CD,PIK3CD
CCRL2,CCRL2
ZNF583,ZNF583
DDHD2,DDHD2
CBLL1,CBLL1
DHTKD1,DHTKD1
NAPB,NAPB
ALPK1,ALPK1
RASL11B,RASL11B
CTRC,CTRC
ABHD15,ABHD15
RAB3IP,RAB3IP
RHOT2,RHOT2
FADS3,FADS3
SIGLEC10,SIGLEC10
B3GNT5,B3GNT5
ST20,ST20
WHAMM,WHAMM
LINC02422,LINC02422
NFRKB,NFRKB
ADGRG6,ADGRG6
CXCL14,CXCL14
GDE1,GDE1
PHLDB2,PHLDB2
BTLA,BTLA
PRIMPOL,PRIMPOL
TSPYL1,TSPYL1
LRRC74B,LRRC74B
BCL11B,BCL11B
TBXA2R,TBXA2R
KRT86,KRT86
IGHV4-61,IGHV4-61
RARRES1,RARRES1
IL12RB1,IL12RB1
APOBEC3F,APOBEC3F
NPW,NPW
RSRP1,RSRP1
SEC14L2,SEC14L2
NEK9,NEK9
MOK,MOK
ISL2,ISL2
CCPG1,CCPG1
RTF2,RTF2
STRN3,STRN3
CCL28,CCL28
RAD54L2,RAD54L2
LINC01127,LINC01127
VWF,VWF
SERPINB9,SERPINB9
LPL,LPL
OR2B6,OR2B6
DTYMK,DTYMK
CSGALNACT1,CSGALNACT1
PXN,PXN
HMHB1,HMHB1
PACSIN2,PACSIN2
TCF7L2,TCF7L2
USP4,USP4
TTLL5,TTLL5
AEN,AEN
PRR5L,PRR5L
CPNE5,CPNE5
PAWR,PAWR
SPEG,SPEG
USP51,USP51
CD320,CD320
IGKV2-24,IGKV2-24
INPPL1,INPPL1
ZNF674-AS1,ZNF674-AS1
SPATA7,SPATA7
ALDH3B1,ALDH3B1
AZU1,AZU1
AKR1C1,AKR1C1
HRK,HRK
MTF1,MTF1
LHX4,LHX4
ATP6V0A1,ATP6V0A1
SLC16A10,SLC16A10
AXL,AXL
PIK3IP1,PIK3IP1
AGBL2,AGBL2
FBF1,FBF1
SERPINF1,SERPINF1
MIR194-2HG,MIR194-2HG
HLA-DOA,HLA-DOA
MS4A2,MS4A2
SRSF12,SRSF12
ASB2,ASB2
HK2,HK2
HAMP,HAMP
LCN8,LCN8
TLR10,TLR10
DDX3X,DDX3X
ELOVL6,ELOVL6
EIF4A1,EIF4A1
FCGBP,FCGBP
NDFIP2,NDFIP2
LINC00482,LINC00482
NDRG1,NDRG1
MYO5A,MYO5A
DDX56,DDX56
TCTA,TCTA
DIRAS1,DIRAS1
HOOK2,HOOK2
GAS7,GAS7
COLQ,COLQ
CCNL2,CCNL2
AMPD2,AMPD2
CCDC141,CCDC141
CXCL5,CXCL5
BLK,BLK
WDR97,WDR97
XRN2,XRN2
BACH2,BACH2
GK5,GK5
EPHX2,EPHX2
FAM161A,FAM161A
SLC2A5,SLC2A5
TRAV10,TRAV10
HS3ST1,HS3ST1
ATP2C2,ATP2C2
IFI44L,IFI44L
SLC26A8,SLC26A8
DSC2,DSC2
TRAV26-2,TRAV26-2
TP53INP2,TP53INP2
FAM169A,FAM169A
TNIP3,TNIP3
SLC25A13,SLC25A13
ZBED5,ZBED5
COL6A2,COL6A2
PPP1R16B,PPP1R16B
LHX1,LHX1
TRAV1-1,TRAV1-1
HTRA1,HTRA1
ICA1L,ICA1L
NNAT,NNAT
FLCN,FLCN
GABRR2,GABRR2
TNPO2,TNPO2
IGKV1-17,IGKV1-17
MAK,MAK
TRBV10-3,TRBV10-3
PPP2R5A,PPP2R5A
GAK,GAK
ZMAT1,ZMAT1
SLC38A11,SLC38A11
JMY,JMY
NLRP12,NLRP12
SMPDL3A,SMPDL3A
ARL15,ARL15
IQCN,IQCN
TMEM140,TMEM140
ZNF587,ZNF587
CCDC144A,CCDC144A
METTL8,METTL8
KIAA0087,KIAA0087
TRAV16,TRAV16
GSTM5,GSTM5
DACH1,DACH1
FPGS,FPGS
ZNF844,ZNF844
ZC3H6,ZC3H6
SIRPB1,SIRPB1
RHD,RHD
PTGDR2,PTGDR2
TUBGCP3,TUBGCP3
FSCN1,FSCN1
CAMKK2,CAMKK2
POLE,POLE
MAFB,MAFB
SERPINI1,SERPINI1
ITGA2,ITGA2
IGLV7-46,IGLV7-46
LCK,LCK
DNM3,DNM3
LYPD3,LYPD3
ATP11C,ATP11C
GPR174,GPR174
WDR3,WDR3
AACS,AACS
PEAK1,PEAK1
AGMAT,AGMAT
TMOD1,TMOD1
IGFBP3,IGFBP3
CERS5,CERS5
PFKP,PFKP
LINC02363,LINC02363
MINDY4,MINDY4
ACSM1,ACSM1
RHEB,RHEB
SHISAL2A,SHISAL2A
CMYA5,CMYA5
GSTM2,GSTM2
FRMD3,FRMD3
FAS,FAS
DCLRE1A,DCLRE1A
PPP4R1,PPP4R1
WDHD1,WDHD1
DIPK1B,DIPK1B
ABCG1,ABCG1
YPEL1,YPEL1
COL4A3,COL4A3
APBB3,APBB3
GPRASP1,GPRASP1
WSB1,WSB1
DDX39A,DDX39A
GPR18,GPR18
TEX9,TEX9
GSTO2,GSTO2
SLTM,SLTM
LTBP1,LTBP1
TMEM63C,TMEM63C
TTC32,TTC32
PHLDA1,PHLDA1
DOCK8,DOCK8
KIF13A,KIF13A
KCNN4,KCNN4
IKZF2,IKZF2
RSF1,RSF1
CDCA5,CDCA5
SYNGR1,SYNGR1
BACE2,BACE2
ADTRP,ADTRP
ARNT2,ARNT2
VPS37B,VPS37B
PRDX4,PRDX4
ACSBG1,ACSBG1
NEB,NEB
PERP,PERP
BCO2,BCO2
RFESD,RFESD
DPEP2,DPEP2
FLT3LG,FLT3LG
CFDP1,CFDP1
PHLDB1,PHLDB1
FMR1,FMR1
POLD4,POLD4
NUP58,NUP58
MIR3945HG,MIR3945HG
CD226,CD226
STK11IP,STK11IP
RELB,RELB
INKA1,INKA1
IGKV1-27,IGKV1-27
CMTM2,CMTM2
SPTBN1,SPTBN1
KDM6A,KDM6A
ECE1,ECE1
OPRM1,OPRM1
HOXB4,HOXB4
GPR15,GPR15
SPATC1,SPATC1
NMUR1,NMUR1
TMEM52B,TMEM52B
UHMK1,UHMK1
VWDE,VWDE
IGHV4-28,IGHV4-28
UHRF2,UHRF2
IGLV1-44,IGLV1-44
RBFADN,RBFADN
KLRC3,KLRC3
ROR1,ROR1
SEMA7A,SEMA7A
APOBEC3G,APOBEC3G
XCL1,XCL1
AGO1,AGO1
SLC35F2,SLC35F2
USP9Y,USP9Y
IGF1,IGF1
LINC02086,LINC02086
TGS1,TGS1
CASZ1,CASZ1
TAF11,TAF11
GATA3,GATA3
RGS6,RGS6
AOC2,AOC2
ABL2,ABL2
GPHN,GPHN
RBPMS2,RBPMS2
DAPK2,DAPK2
SH2B3,SH2B3
BRMS1,BRMS1
DCN,DCN
KCTD10,KCTD10
EGLN2,EGLN2
PRSS3,PRSS3
HBG1,HBG1
BAHD1,BAHD1
MGST3,MGST3
FAM13A,FAM13A
KLRC4,KLRC4
CD274,CD274
PECR,PECR
PRR5,PRR5
CHN1,CHN1
PRRG2,PRRG2
BNC2,BNC2
ITGA1,ITGA1
GNG10,GNG10
CEBPE,CEBPE
GLA,GLA
CFB,CFB
MFSD2A,MFSD2A
TCL1B,TCL1B
UTS2,UTS2
KIF21B,KIF21B
ZFYVE9,ZFYVE9
ST3GAL4,ST3GAL4
HLX,HLX
LTBR,LTBR
AUP1,AUP1
UNKL,UNKL
TAX1BP1,TAX1BP1
TRIM63,TRIM63
MICU3,MICU3
GRB2,GRB2
RASGRP3,RASGRP3
SPATS2L,SPATS2L
SGPP2,SGPP2
BEND2,BEND2
BEX5,BEX5
SGO2,SGO2
UGT8,UGT8
NOTCH3,NOTCH3
FEZ1,FEZ1
FFAR3,FFAR3
MAP1LC3B,MAP1LC3B
TNS2,TNS2
CCDC184,CCDC184
MON1A,MON1A
ENC1,ENC1
CTBP2,CTBP2
DHX38,DHX38
ABCA5,ABCA5
CLINT1,CLINT1
ITPRIPL1,ITPRIPL1
PLA2G7,PLA2G7
PDE2A,PDE2A
TNK2,TNK2
NDRG2,NDRG2
CCDC7,CCDC7
PRR14,PRR14
CYCS,CYCS
SLC10A5,SLC10A5
EBLN2,EBLN2
SERPINE1,SERPINE1
TBL1X,TBL1X
PAK3,PAK3
CTHRC1,CTHRC1
PELO,PELO
RHOH,RHOH
ARHGEF40,ARHGEF40
MYO1E,MYO1E
TPST1,TPST1
DNM2,DNM2
LRFN1,LRFN1
ATP6V1A,ATP6V1A
SLC8B1,SLC8B1
SLC26A6,SLC26A6
FBXW5,FBXW5
STAM,STAM
NUGGC,NUGGC
ZG16B,ZG16B
SLC18A2,SLC18A2
EEF1A2,EEF1A2
UBOX5,UBOX5
GNG7,GNG7
SARM1,SARM1
CAVIN1,CAVIN1
PRPF8,PRPF8
ARMC12,ARMC12
HMGB3,HMGB3
ITGA10,ITGA10
ST6GALNAC6,ST6GALNAC6
MAP3K5,MAP3K5
ANXA3,ANXA3
NRP2,NRP2
PCCB,PCCB
MYL9,MYL9
BCORL1,BCORL1
HLA-G,HLA-G
FAM111B,FAM111B
SH3BGRL2,SH3BGRL2
LINC00862,LINC00862
NAV3,NAV3
PHIP,PHIP
DIP2B,DIP2B
SH2D1B,SH2D1B
KCTD1,KCTD1
WNK3,WNK3
TPO,TPO
ZC3H12D,ZC3H12D
BTNL9,BTNL9
FAM161B,FAM161B
SNAPC1,SNAPC1
LINC01934,LINC01934
PADI2,PADI2
SERPINB9P1,SERPINB9P1
CBX7,CBX7
PPP2CA,PPP2CA
CYP2E1,CYP2E1
FN1,FN1
GSTM3,GSTM3
CNR2,CNR2
EPHB6,EPHB6
VWA3B,VWA3B
LZTS1,LZTS1
FHL1,FHL1
ACAP2,ACAP2
MYDGF,MYDGF
S100A13,S100A13
NRCAM,NRCAM
TRAF2,TRAF2
ABCA13,ABCA13
POLG,POLG
FKBP7,FKBP7
TTC38,TTC38
SLC2A6,SLC2A6
UQCRHL,UQCRHL
SBSPON,SBSPON
SCGB3A2,SCGB3A2
FBP1,FBP1
SLC12A9,SLC12A9
L1CAM,L1CAM
ADM,ADM
ZNF793,ZNF793
PPP2R2B,PPP2R2B
TOPBP1,TOPBP1
IFNG,IFNG
IGHMBP2,IGHMBP2
SEC61A2,SEC61A2
KIF27,KIF27
SPSB1,SPSB1
CENPK,CENPK
VPREB1,VPREB1
RORC,RORC
WDR59,WDR59
SLC38A10,SLC38A10
TBC1D8,TBC1D8
SWT1,SWT1
SERPINB2,SERPINB2
GPATCH2,GPATCH2
COMMD5,COMMD5
SMAGP,SMAGP
NME9,NME9
DOCK5,DOCK5
PCGF3,PCGF3
INPP5K,INPP5K
SCAMP1-AS1,SCAMP1-AS1
TRMU,TRMU
S1PR1,S1PR1
GYS1,GYS1
MAEA,MAEA
SCYL2,SCYL2
TMCC3,TMCC3
CCDC126,CCDC126
ITGA5,ITGA5
ANKRD37,ANKRD37
ZNF611,ZNF611
SMIM8,SMIM8
CCNH,CCNH
NUAK2,NUAK2
RBFOX3,RBFOX3
ELAVL4,ELAVL4
HORMAD1,HORMAD1
PLEKHA1,PLEKHA1
EIF4ENIF1,EIF4ENIF1
CEP63,CEP63
SLC7A5,SLC7A5
ATG2B,ATG2B
ID1,ID1
ZNF783,ZNF783
KIAA0319L,KIAA0319L
EVA1A,EVA1A
RETN,RETN
MED12L,MED12L
C4BPB,C4BPB
ZNF254,ZNF254
AHCYL2,AHCYL2
RTTN,RTTN
DSP,DSP
NET1,NET1
ANP32A,ANP32A
PPP1R3D,PPP1R3D
AGAP1,AGAP1
MTUS1,MTUS1
KRT5,KRT5
MTG1,MTG1
CTSK,CTSK
SPAG5,SPAG5
ERRFI1,ERRFI1
ITSN2,ITSN2
EAF1,EAF1
OLMALINC,OLMALINC
AQP3,AQP3
DOT1L,DOT1L
TNFRSF21,TNFRSF21
EIF2AK3,EIF2AK3
RPGR,RPGR
PPM1H,PPM1H
ZBTB21,ZBTB21
LINC00426,LINC00426
IFIT1B,IFIT1B
KLHL3,KLHL3
TRBV7-9,TRBV7-9
LETM2,LETM2
PCTP,PCTP
LINC00944,LINC00944
SPINK2,SPINK2
ATAD5,ATAD5
METTL6,METTL6
CLHC1,CLHC1
CEP83,CEP83
FAM153CP,FAM153CP
APTR,APTR
SCN9A,SCN9A
ZFP91,ZFP91
NCOA5,NCOA5
RYR2,RYR2
MTMR7,MTMR7
LINC00309,LINC00309
SLC45A4,SLC45A4
VAT1,VAT1
ARAP1,ARAP1
CABP5,CABP5
CRY1,CRY1
EMC10,EMC10
AMN,AMN
IL4I1,IL4I1
CDK5R1,CDK5R1
LINC00937,LINC00937
MICAL3,MICAL3
ANKRD18A,ANKRD18A
ADCY3,ADCY3
GSR,GSR
RGL1,RGL1
LINC02649,LINC02649
GYPE,GYPE
CYFIP2,CYFIP2
GPR108,GPR108
PNPLA6,PNPLA6
FLI1,FLI1
NCEH1,NCEH1
CA8,CA8
CYB561D1,CYB561D1
CMTM8,CMTM8
PIH1D1,PIH1D1
SYNGR3,SYNGR3
SFN,SFN
IL17RD,IL17RD
TIMMDC1,TIMMDC1
ZRANB1,ZRANB1
ASCC1,ASCC1
IL11RA,IL11RA
KPTN,KPTN
PROM1,PROM1
TMED8,TMED8
KRCC1,KRCC1
RCAN1,RCAN1
RBM22,RBM22
CRADD,CRADD
ANKRD26,ANKRD26
NAP1L5,NAP1L5
LINC01291,LINC01291
CDK16,CDK16
GLI3,GLI3
E2F1,E2F1
GPX2,GPX2
IGLV7-43,IGLV7-43
TAL1,TAL1
IGFBP7,IGFBP7
TMEM91,TMEM91
JAG1,JAG1
SLC7A8,SLC7A8
CALD1,CALD1
TARS2,TARS2
SCAP,SCAP
P4HA2,P4HA2
ZNF99,ZNF99
NFKB1,NFKB1
PLEKHO1,PLEKHO1
PCYT1B,PCYT1B
PLXDC1,PLXDC1
TRAV8-1,TRAV8-1
KIR3DL1,KIR3DL1
PLEKHB1,PLEKHB1
TBC1D23,TBC1D23
MAFF,MAFF
ME3,ME3
GALNT14,GALNT14
TREML2,TREML2
ATP13A2,ATP13A2
RNF152,RNF152
RAMP1,RAMP1
GDF11,GDF11
TRPM8,TRPM8
SLC22A1,SLC22A1
KIF19,KIF19
SPTB,SPTB
EGLN3,EGLN3
EPB42,EPB42
IGHG2,IGHG2
PBXIP1,PBXIP1
ETV5,ETV5
APOBEC3H,APOBEC3H
DHX34,DHX34
LINC01480,LINC01480
IGFBP6,IGFBP6
C1R,C1R
MMP25,MMP25
NLRC4,NLRC4
LINC02245,LINC02245
ZBP1,ZBP1
PTPRM,PTPRM
S1PR3,S1PR3
TUBGCP6,TUBGCP6
CLEC17A,CLEC17A
MFGE8,MFGE8
GTPBP2,GTPBP2
CLIC5,CLIC5
MPZL3,MPZL3
ZNF250,ZNF250
TLR6,TLR6
TLCD4,TLCD4
PRDM5,PRDM5
ALDH2,ALDH2
MSI2,MSI2
LRRC19,LRRC19
TCEA3,TCEA3
PLPPR2,PLPPR2
HEG1,HEG1
KLB,KLB
CPS1,CPS1
CCDC73,CCDC73
DCDC2B,DCDC2B
PHGDH,PHGDH
RINT1,RINT1
FGD3,FGD3
DAAM2,DAAM2
LINC01943,LINC01943
GPR27,GPR27
ANKRD34B,ANKRD34B
TMEM263,TMEM263
CCR8,CCR8
TRIB3,TRIB3
KIRREL3,KIRREL3
CD99L2,CD99L2
TENM1,TENM1
ALDOA,ALDOA
SAMD9,SAMD9
CH25H,CH25H
NSUN2,NSUN2
ENPP2,ENPP2
CMKLR1,CMKLR1
BCL2,BCL2
LINC01727,LINC01727
LINC01684,LINC01684
AKAP12,AKAP12
IFIT1,IFIT1
SEMA5A,SEMA5A
ZDHHC14,ZDHHC14
RNASE2,RNASE2
SGCE,SGCE
RBM28,RBM28
ATP9A,ATP9A
SPAG4,SPAG4
SLC25A39,SLC25A39
COG6,COG6
CCNJL,CCNJL
SLC20A1,SLC20A1
CYP51A1,CYP51A1
SIRT3,SIRT3
NDUFS2,NDUFS2
ARG1,ARG1
KCNE1,KCNE1
UFD1,UFD1
AOAH,AOAH
ARAP3,ARAP3
GUCY1B1,GUCY1B1
NECTIN3,NECTIN3
UROD,UROD
PRDM8,PRDM8
DSE,DSE
NR4A3,NR4A3
COL6A1,COL6A1
MIR181A1HG,MIR181A1HG
KANK2,KANK2
PPP1R3B,PPP1R3B
TBC1D4,TBC1D4
GP1BA,GP1BA
PIMREG,PIMREG
SLC22A18AS,SLC22A18AS
ADCY9,ADCY9
SH3TC2,SH3TC2
DDX42,DDX42
PTPRN2,PTPRN2
SLC19A1,SLC19A1
GBA2,GBA2
MINDY1,MINDY1
SIRPG,SIRPG
PKD1L1,PKD1L1
USP43,USP43
WHRN,WHRN
LINC00987,LINC00987
ICOS,ICOS
PPP1R12C,PPP1R12C
LILRA4,LILRA4
LINC01562,LINC01562
EFCAB10,EFCAB10
KRT7,KRT7
GRK2,GRK2
SCPEP1,SCPEP1
DTX1,DTX1
OSBPL10,OSBPL10
MYL2,MYL2
DOCK4,DOCK4
FRAT1,FRAT1
CERNA1,CERNA1
DRC1,DRC1
IFIT3,IFIT3
RNASE3,RNASE3
ABCB4,ABCB4
ANKRD50,ANKRD50
DNAJC3-DT,DNAJC3-DT
PITX1,PITX1
FCRL2,FCRL2
STIMATE,STIMATE
DOCK7,DOCK7
IL6,IL6
CCR4,CCR4
APEX2,APEX2
BAMBI,BAMBI
TMEM45B,TMEM45B
ENPP3,ENPP3
CYTH4,CYTH4
RSAD2,RSAD2
LCAT,LCAT
ITGA2B,ITGA2B
NAP1L2,NAP1L2
LPAR5,LPAR5
CRISPLD2,CRISPLD2
AP5B1,AP5B1
NME8,NME8
ABCB1,ABCB1
HMBS,HMBS
SDC4,SDC4
C1S,C1S
FOLR3,FOLR3
WFDC1,WFDC1
POU5F1B,POU5F1B
ACOX1,ACOX1
CD5,CD5
TNFAIP1,TNFAIP1
PTX3,PTX3
ANKRD22,ANKRD22
IGHV3-15,IGHV3-15
OASL,OASL
DYM,DYM
FFAR2,FFAR2
EGOT,EGOT
B3GAT1,B3GAT1
DHRS12,DHRS12
DAGLB,DAGLB
ERVK3-1,ERVK3-1
CLEC4D,CLEC4D
RNF31,RNF31
COL9A3,COL9A3
MT1H,MT1H
RNF138,RNF138
KLF5,KLF5
VIL1,VIL1
TNC,TNC
EPHA4,EPHA4
CEACAM3,CEACAM3
ZMYM2,ZMYM2
UBR2,UBR2
PMEPA1,PMEPA1
MYT1L,MYT1L
RCL1,RCL1
SDHAF1,SDHAF1
ATP1A2,ATP1A2
SFXN5,SFXN5
KSR2,KSR2
FAAP24,FAAP24
CSF2RB,CSF2RB
PELI2,PELI2
AP1S3,AP1S3
CDC25B,CDC25B
ZNF490,ZNF490
ESAM,ESAM
FAM124A,FAM124A
RAB30,RAB30
IRAK4,IRAK4
CD8B,CD8B
LDHAL6A,LDHAL6A
KCNJ13,KCNJ13
ANKRD10,ANKRD10
IL2RA,IL2RA
SYCP2,SYCP2
SCUBE3,SCUBE3
MYBL2,MYBL2
CORIN,CORIN
KHDRBS2,KHDRBS2
LDLR,LDLR
LINC01560,LINC01560
ACOT7,ACOT7
TSACC,TSACC
NRARP,NRARP
ELL,ELL
FSD1,FSD1
HECW2,HECW2
NOS1AP,NOS1AP
SHARPIN,SHARPIN
TLR5,TLR5
ADAMTS8,ADAMTS8
IFT74,IFT74
IGF2BP2,IGF2BP2
KLHDC1,KLHDC1
ZNF143,ZNF143
LINC01013,LINC01013
MMP19,MMP19
LEPR,LEPR
NPIPB11,NPIPB11
SEPTIN5,SEPTIN5
MYB,MYB
NACA2,NACA2
KCNK12,KCNK12
MTERF2,MTERF2
CR1L,CR1L
ZBTB32,ZBTB32
ARPP21,ARPP21
NATD1,NATD1
STK40,STK40
IMPG2,IMPG2
TOX2,TOX2
IP6K2,IP6K2
OXSM,OXSM
WDR86,WDR86
IGLV1-40,IGLV1-40
P2RY14,P2RY14
MTIF3,MTIF3
TBC1D32,TBC1D32
KIR2DL3,KIR2DL3
TSHZ2,TSHZ2
OPTN,OPTN
ZNF90,ZNF90
MGST2,MGST2
GATM,GATM
ADGRG5,ADGRG5
SIRT5,SIRT5
FAM222A,FAM222A
HILPDA,HILPDA
TRPC4AP,TRPC4AP
SLFN13,SLFN13
TRGC1,TRGC1
SGCD,SGCD
CLIC2,CLIC2
WLS,WLS
MBD1,MBD1
ENDOD1,ENDOD1
OPLAH,OPLAH
LAMA5,LAMA5
DONSON,DONSON
ZNF573,ZNF573
MED15,MED15
ZBED6,ZBED6
CTNNAL1,CTNNAL1
ASAP2,ASAP2
WASF1,WASF1
COCH,COCH
CNTN2,CNTN2
CD40LG,CD40LG
FAM20A,FAM20A
RIPOR3,RIPOR3
GJA4,GJA4
PIF1,PIF1
PDGFRB,PDGFRB
CERCAM,CERCAM
VWA5A,VWA5A
COL24A1,COL24A1
NT5DC3,NT5DC3
CEMIP,CEMIP
MBOAT2,MBOAT2
RASGRF2,RASGRF2
DNAH12,DNAH12
CCND1,CCND1
LAMA2,LAMA2
AXDND1,AXDND1
IPO8,IPO8
PLA2G12A,PLA2G12A
LINC02362,LINC02362
ZDHHC19,ZDHHC19
ZNF346,ZNF346
MYL4,MYL4
AKAP5,AKAP5
TOM1,TOM1
SEMA3D,SEMA3D
AFAP1,AFAP1
COL4A4,COL4A4
MAP1A,MAP1A
CTTNBP2,CTTNBP2
FZD3,FZD3
NME2,NME2
KIF1B,KIF1B
PARD6G,PARD6G
PLIN4,PLIN4
KIAA1549,KIAA1549
RGS13,RGS13
TNFRSF4,TNFRSF4
RAB4B,RAB4B
ZBTB20-AS4,ZBTB20-AS4
PKP4,PKP4
STK31,STK31
PTPN3,PTPN3
SMIM18,SMIM18
CASP6,CASP6
BTBD19,BTBD19
MAST2,MAST2
LINC01551,LINC01551
ZFAND2A,ZFAND2A
CCR10,CCR10
KCNK6,KCNK6
KRT6A,KRT6A
TTC16,TTC16
CEP19,CEP19
TP53I11,TP53I11
GPR68,GPR68
VSTM1,VSTM1
DNAAF2,DNAAF2
ZNF518B,ZNF518B
GUCY2D,GUCY2D
CLCN5,CLCN5
GCLC,GCLC
PPIL4,PPIL4
DLK1,DLK1
SPOP,SPOP
SLC4A10,SLC4A10
CCDC191,CCDC191
ZNF778,ZNF778
CYP4F12,CYP4F12
SCUBE1,SCUBE1
TNS1,TNS1
COL27A1,COL27A1
TMEM144,TMEM144
DRAM1,DRAM1
MLC1,MLC1
FMN1,FMN1
AVIL,AVIL
SLC26A2,SLC26A2
TIGIT,TIGIT
IGHV3-43,IGHV3-43
ZNF774,ZNF774
FCER1A,FCER1A
PACSIN3,PACSIN3
ADAM23,ADAM23
LINC02762,LINC02762
FBXO5,FBXO5
IDH1,IDH1
HNMT,HNMT
EFNB2,EFNB2
TMEM203,TMEM203
AK2,AK2
LINC01465,LINC01465
AGBL5,AGBL5
CSRP2,CSRP2
P2RY1,P2RY1
SDC2,SDC2
TRBV5-5,TRBV5-5
CD200R1,CD200R1
MROH8,MROH8
PDGFB,PDGFB
ABCC10,ABCC10
CD84,CD84
ADAMTS6,ADAMTS6
NUP210L,NUP210L
TRIB2,TRIB2
PRRT4,PRRT4
PDE7B,PDE7B
GLRA3,GLRA3
DST,DST
GIMAP5,GIMAP5
CYP3A5,CYP3A5
CASC15,CASC15
SMIM24,SMIM24
TOGARAM2,TOGARAM2
NBPF11,NBPF11
CACNA1H,CACNA1H
COL6A3,COL6A3
NTRK2,NTRK2
CNP,CNP
SPTBN4,SPTBN4
SBK1,SBK1
LAYN,LAYN
CDHR3,CDHR3
IGSF11,IGSF11
GRAMD2B,GRAMD2B
JSRP1,JSRP1
KIFC1,KIFC1
CNIH3,CNIH3
ANKDD1A,ANKDD1A
FXYD1,FXYD1
NKIRAS1,NKIRAS1
STAG3,STAG3
CLDN9,CLDN9
IGHV3-21,IGHV3-21
RHEBL1,RHEBL1
TMEM88,TMEM88
SLC10A1,SLC10A1
GIHCG,GIHCG
SLC16A1,SLC16A1
KIR3DL2,KIR3DL2
DBN1,DBN1
GNAL,GNAL
LIMS2,LIMS2
PROZ,PROZ
PCDH9,PCDH9
SMAD1,SMAD1
HSPA4L,HSPA4L
COPG1,COPG1
RERE,RERE
PBLD,PBLD
TSEN2,TSEN2
SPATA2L,SPATA2L
PPP1R16A,PPP1R16A
PDLIM7,PDLIM7
KIF20A,KIF20A
PDZD2,PDZD2
NXF3,NXF3
CD109,CD109
LINC02608,LINC02608
GSDME,GSDME
UNC13A,UNC13A
OLFML2A,OLFML2A
CRELD1,CRELD1
MDM1,MDM1
FRMD4A,FRMD4A
RAB7B,RAB7B
PCOLCE,PCOLCE
FLRT2,FLRT2
SMC2,SMC2
AXIN2,AXIN2
CNFN,CNFN
TP53I13,TP53I13
LINC01970,LINC01970
MCAM,MCAM
ACTN3,ACTN3
CD200,CD200
SPRY1,SPRY1
SPX,SPX
ICA1,ICA1
MEIS1,MEIS1
LMBRD1,LMBRD1
LRRN3,LRRN3
NADSYN1,NADSYN1
TMEM79,TMEM79
ARSJ,ARSJ
ZBTB8OS,ZBTB8OS
TKTL1,TKTL1
TRIM6,TRIM6
SNAI1,SNAI1
ACP6,ACP6
LAG3,LAG3
MINPP1,MINPP1
FBXL22,FBXL22
ZBTB17,ZBTB17
GJC1,GJC1
LINC00545,LINC00545
RAB13,RAB13
TYK2,TYK2
SPATS2,SPATS2
CUEDC1,CUEDC1
ALS2,ALS2
GPR82,GPR82
SURF1,SURF1
CDC14B,CDC14B
SMIM5,SMIM5
ZNF853,ZNF853
RGPD2,RGPD2
HES1,HES1
MLLT11,MLLT11
APOA1,APOA1
FXYD7,FXYD7
LRRC4,LRRC4
PLEKHN1,PLEKHN1
DCST1,DCST1
ADGRV1,ADGRV1
SMOX,SMOX
RNF25,RNF25
ATG9A,ATG9A
RASSF6,RASSF6
SH2D6,SH2D6
SIGLEC6,SIGLEC6
HEMGN,HEMGN
MLANA,MLANA
SCN1B,SCN1B
SMG8,SMG8
TNNC2,TNNC2
PPEF1,PPEF1
CPA5,CPA5
PTCRA,PTCRA
GDPD3,GDPD3
KIF14,KIF14
SEMA6B,SEMA6B
CNKSR2,CNKSR2
GXYLT1,GXYLT1
BICDL1,BICDL1
IGLC7,IGLC7
NRXN2,NRXN2
RAB33A,RAB33A
BTNL8,BTNL8
FBXL14,FBXL14
VMO1,VMO1
BPI,BPI
NR1H3,NR1H3
ABI3BP,ABI3BP
CCR9,CCR9
RGS9,RGS9
TRIM34,TRIM34
PKIB,PKIB
NAV2,NAV2
COL4A2,COL4A2
SIRPB2,SIRPB2
GPAM,GPAM
USP19,USP19
LINC00402,LINC00402
PLAT,PLAT
NETO2,NETO2
B3GNT8,B3GNT8
SDC1,SDC1
DLGAP1,DLGAP1
MYCT1,MYCT1
DEPDC1B,DEPDC1B
LIX1,LIX1
PLD5,PLD5
ALDH1A1,ALDH1A1
PPIF,PPIF
KALRN,KALRN
SLC35D3,SLC35D3
PIGM,PIGM
SLC23A1,SLC23A1
IL18RAP,IL18RAP
AATK,AATK
PRKCZ,PRKCZ
SPIB,SPIB
FSTL4,FSTL4
ADAMTS10,ADAMTS10
ADAMDEC1,ADAMDEC1
ELL3,ELL3
PTCH2,PTCH2
GPAT3,GPAT3
TNFRSF10C,TNFRSF10C
TRAV22,TRAV22
IGSF10,IGSF10
SGIP1,SGIP1
OLAH,OLAH
MT1M,MT1M
MPO,MPO
IL10RB,IL10RB
ARHGAP33,ARHGAP33
XK,XK
PARP15,PARP15
FGF13,FGF13
TPM2,TPM2
BLNK,BLNK
BFSP2,BFSP2
SERPINH1,SERPINH1
GLT1D1,GLT1D1
MMP2,MMP2
KIFC3,KIFC3
NSUN7,NSUN7
PARD6B,PARD6B
TNFRSF9,TNFRSF9
KCND3,KCND3
CAV1,CAV1
EMP2,EMP2
LDB2,LDB2
TMEM260,TMEM260
SMAD9,SMAD9
ZNF627,ZNF627
DNAH8,DNAH8
CTH,CTH
FERMT2,FERMT2
SORCS2,SORCS2
PFKFB2,PFKFB2
FAXDC2,FAXDC2
OTUD7A,OTUD7A
SPDYA,SPDYA
PROK2,PROK2
DNMT3B,DNMT3B
TMEM67,TMEM67
PCLO,PCLO
NDC1,NDC1
RASSF8,RASSF8
TMEM266,TMEM266
NAPSA,NAPSA
MDS2,MDS2
TPRG1,TPRG1
ZNF165,ZNF165
PRKCQ,PRKCQ
ST6GALNAC3,ST6GALNAC3
WFDC2,WFDC2
F2RL3,F2RL3
PPFIA1,PPFIA1
NACAD,NACAD
ADGRE3,ADGRE3
RAB3C,RAB3C
LHFPL5,LHFPL5
ICAM4,ICAM4
MMRN1,MMRN1
SLC22A4,SLC22A4
PART1,PART1
PIGU,PIGU
SLF1,SLF1
FCGR2B,FCGR2B
SLC20A2,SLC20A2
TAF4B,TAF4B
KCNJ15,KCNJ15
CSF1,CSF1
PAGR1,PAGR1
ACKR3,ACKR3
BEND4,BEND4
CHCHD6,CHCHD6
CRTAM,CRTAM
PCSK6,PCSK6
GPR141,GPR141
CCDC150,CCDC150
IGKV1-9,IGKV1-9
MYH15,MYH15
PLSCR2,PLSCR2
PREX2,PREX2
KIF15,KIF15
