Epitope	CDR3	Affinity
LLWNGPMAV	CSATAAGNQPQHF	1
LLWNGPMAV	CASSGRGEDTQYF	1
LLWNGPMAV	CASSAGQGAYEQFF	1
LLWNGPMAV	CASSLLSGGTAYEQYF	1
LLWNGPMAV	CASSLVRTSLPREQFF	1
LLWNGPMAV	CATSASSGQGAYEQFF	1
LLWNGPMAV	CASSLAGGLRYNEQFF	1
LLWNGPMAV	CAISERGQGNAEAFF	1
LLWNGPMAV	CSAPLAGTAYEQYF	1
LLWNGPMAV	CANSRDRVEGYTF	1
LLWNGPMAV	CASRADRVSYGYTF	1
LLWNGPMAV	CASSEGRSTDTQYF	1
LLWNGPMAV	CASSPTIGVLRYF	1
LLWNGPMAV	CSARDIYRGRIGGYTF	1
LLWNGPMAV	CASSYSRQGETQYF	1
LLWNGPMAV	LYGEHCHGQETQYF	1
LLWNGPMAV	CASSFGRTEAFF	1
LLWNGPMAV	CAISTHRGGYTF	1
LLWNGPMAV	CASSQTREGYGYTF	1
LLWNGPMAV	CASTPGTESYEQYFGPGPVSEAFF	1
LLWNGPMAV	CASSQTSGSGANVLTF	1
LLWNGPMAV	CASSPGGAFYNEQFF	1
LLWNGPMAV	CARGGRAIGPRLSRVTKAAGARPPA	1
LLWNGPMAV	CASGFGSYEQYF	1
LLWNGPMAV	CAVDSSGGTGLDEQYF	1
LLWNGPMAV	CASSLGTSGAYEQYV	1
LLWNGPMAV	CSVARPSSYEQYF	1
LLWNGPMAV	CACAGLAYEQYF	1
LLWNGPMAV	CASSRRENTEAFF	1
LLWNGPMAV	CASSSKTDYEQYF	1
LLWNGPMAV	CSPGAAYEQYF	1
LLWNGPMAV	CSAPLAGGANEQFF	1
LLWNGPMAV	CSAVLPGQDYTGELFF	1
LLWNGPMAV	CASSLENRESGTQYF	1
LLWNGPMAV	CSAPLAGGLNEQFF	1
LLWNGPMAV	CASSGQGSHEQYV	1
LLWNGPMAV	CASSAAGGGNEQFF	1
LLWNGPMAV	CASNGAGLAYEQYF	1
LLWNGPMAV	CASSAAGAVYNEQFF	1
LLWNGPMAV	CASSAGTGAYGYTF	1
LLWNGPMAV	CSARDLVGGDTQYF	1
LLWNGPMAV	CASSQENRGPSPQHF	1
LLWNGPMAV	CASTPGLQEKLFF	1
LLWNGPMAV	CSAPTVGGQGYNEQFF	1
LLWNGPMAV	CASLGGIPVNEQFF	1
LLWNGPMAV	CSEVAASGSSYNEQFF	1
LLWNGPMAV	CASSVGGGAPYNEQFF	1
LLWNGPMAV	CASSAGTGDNEQFF	1
LLWNGPMAV	CASSLEVLAGGQLQFF	1
LLWNGPMAV	CASSGSSGGHPYEQYF	1
LLWNGPMAV	CASSYTGAYVLTF	1
LLWNGPMAV	CASRLPVPGQGWTEAFF	1
LLWNGPMAV	CAAGHSIRVSYMGVLRGAAG	1
LLWNGPMAV	CASSLEGYGTPAEAFF	1
LLWNGPMAV	CASSHPGTYTEAFF	1
LLWNGPMAV	CAISEGGALSYEQYV	1
LLWNGPMAV	CSAKNSGGYNEQFF	1
LLWNGPMAV	CSVDRDRGREQYV	1
LLWNGPMAV	CASSAWGQGYETQYF	1
LLWNGPMAV	CASSSPGLGRGEQFF	1
LLWNGPMAV	CATSRGQGAYEQYF	1
LLWNGPMAV	CASSQTLSYNEQFF	1
LLWNGPMAV	CASSESGTAYGYTF	1
LLWNGPMAV	CASAGPEMYEQYF	1
LLWNGPMAV	CATSVHRGRSFYGYTF	1
LLWNGPMAV	CASSGQGSYDEQFF	1
LLWNGPMAV	CASGMDTTPASPLHF	1
LLWNGPMAV	CASSLEGRWGQPLNQPQHF	1
LLWNGPMAV	CASSLGHVSRGYNSPLHF	1
LLWNGPMAV	CASSVGGVSYNGYTF	1
LLWNGPMAV	CASVGGVPYNEQFF	1
LLWNGPMAV	CASSQGNSGNTIYF	1
LLWNGPMAV	CASSGQGAYEQYV	1
LLWNGPMAV	CASSSSGSATDTQYF	1
LLWNGPMAV	CATSRGQGEETQYF	1
LLWNGPMAV	CSAPLAGYNEQFF	1
LLWNGPMAV	CASSPESSGGTAYEQYF	1
LLWNGPMAV	CASSPGTTAEQFF	1
LLWNGPMAV	CASSAGGAYEQYV	1
LLWNGPMAV	CSAQTWWEKLFF	1
LLWNGPMAV	CSARAEEGAYNEQFF	1
LLWNGPMAV	CASSQESGSYEQYF	1
LLWNGPMAV	CASSLVAGGGTGELFF	1
LLWNGPMAV	CASSLATVLDMGQGRNIQYF	1
LLWNGPMAV	CASSLGGSVNQPQHF	1
LLWNGPMAV	CASTHTGTVSYEQYF	1
LLWNGPMAV	CASSLGTGANYGYTF	1
LLWNGPMAV	CASNKKGGFYNEQFF	1
LLWNGPMAV	CASSSQGGSSQAFF	1
LLWNGPMAV	CSAVSGNQPQHF	1
LLWNGPMAV	CSAPTSGGTAYEQYF	1
LLWNGPMAV	CASSTLQGQEAFF	1
LLWNGPMAV	CSATSAGPEMYEQYF	1
LLWNGPMAV	CVSRPGQAYEQYF	1
LLWNGPMAV	CASSLEVLAGVLYEQYF	1
LLWNGPMAV	CASSPEASVSYGYTF	1
LLWNGPMAV	CASSPSGGVSYNEQFF	1
LLWNGPMAV	CASSFPGLSEAFF	1
LLWNGPMAV	CASSESGTGYNEQFF	1
LLWNGPMAV	CASSGVIDTQYF	1
TPRVTGGGAM	CASSLGLGTGHPNEKLFF	1
TPRVTGGGAM	CASSLVGVGLSDEQFF	1
TPRVTGGGAM	CASSYSHGELFF	1
TPRVTGGGAM	CASSLSPSTVNTGELFF	1
TPRVTGGGAM	CASSLHDRSGARTEAFF	1
TPRVTGGGAM	CASRLGPGGPPDTQYF	1
TPRVTGGGAM	CASSFIGEGGSDEQYF	1
TPRVTGGGAM	CASSLVGSGQGDEQFF	1
TPRVTGGGAM	CASSSHDRDGGHSPLHF	1
TPRVTGGGAM	CASSQEPSASYEQYF	1
TPRVTGGGAM	CASSYSIRTEAFF	1
TPRVTGGGAM	CASSSHDRHGIGSPLHF	1
TPRVTGGGAM	CASSLIGESVRNEQFF	1
TPRVTGGGAM	CASSFIGVGKTDEQYF	1
TPRVTGGGAM	CASSLIGVSGSNEQFF	1
TPRVTGGGAM	CASTITGRGVDEQYF	1
TPRVTGGGAM	CASSPDSPGAEREQYF	1
TPRVTGGGAM	CASSFRDRGNYEQYF	1
TPRVTGGGAM	CASSLGSGIYNEQFF	1
TPRVTGGGAM	CASSKPGTGLSGGGYTF	1
TPRVTGGGAM	CSARDPGSTYEQYF	1
TPRVTGGGAM	CASSYHDLGGAGSPLHF	1
TPRVTGGGAM	CASSYDTGLTEQYF	1
TPRVTGGGAM	CASSIHHRGSSSPLHF	1
TPRVTGGGAM	CASSLLMGARYEQYF	1
TPRVTGGGAM	CASSLSLSTSSNEQFF	1
TPRVTGGGAM	CASSRGTPNEQFF	1
TPRVTGGGAM	CASSSHDETGVGSPLHF	1
TPRVTGGGAM	CASSFVAGSSYNEQFF	1
TPRVTGGGAM	CASSTHDRSGVGSPLHF	1
TPRVTGGGAM	CASSLIGVSPYNEQFF	1
TPRVTGGGAM	CASSFQDGYNEQFF	1
TPRVTGGGAM	CASSDRTEGDYEQYF	1
TPRVTGGGAM	CASSLGGEPGELFF	1
TPRVTGGGAM	CASSFHDREGVGSPLHF	1
TPRVTGGGAM	CASSLSFGFRGFGTEAFF	1
TPRVTGGGAM	CASSQEGLARDEQFF	1
TPRVTGGGAM	CASSLIGVGERDTQYF	1
TPRVTGGGAM	CASSFLQGPSSGNTIYF	1
TPRVTGGGAM	CASRTGSGSYNEQFF	1
TPRVTGGGAM	CASSLAGDRPGTEAFF	1
TPRVTGGGAM	CASSYQDLQGIRSPLHF	1
TPRVTGGGAM	CASSLVGEGLPRAREQYF	1
TPRVTGGGAM	CASSLGSGARELFF	1
TPRVTGGGAM	CASSTHDLGGVGSPLHF	1
TPRVTGGGAM	CASSLGAAVGELFF	1
TPRVTGGGAM	CASSNRDRGAYEQYF	1
TPRVTGGGAM	CASSSHEVQGYNSPLHF	1
TPRVTGGGAM	CASSIMDRGPGELFF	1
TPRVTGGGAM	CASSFHDRTGVSSPLHF	1
TPRVTGGGAM	CASSTHDLQGPSSPLHF	1
TPRVTGGGAM	CASSLREGPYPETQYF	1
TPRVTGGGAM	CASSLGVSNYEQYF	1
TPRVTGGGAM	CASSLGPAHYEQYF	1
TPRVTGGGAM	CASRIGGAGNSPLHF	1
GILGFVFTL	CASSSSDSRTEAFF	1
GILGFVFTL	CASSTHGADTEAFF	1
GILGFVFTL	CASSPNGGNEQFF	1
GILGFVFTL	CASSQYAPIRTEAFF	1
GILGFVFTL	CASSMRAGGEQYF	1
GILGFVFTL	CASSLEINEQFF	1
GILGFVFTL	CASSQPDRTNTEAFF	1
GILGFVFTL	CANSAGGQGGRSGELFF	1
GILGFVFTL	CASRTGAKNTEAFF	1
GILGFVFTL	CASRITGPEAFF	1
GILGFVFTL	CSARAWDRAQATNEKLFF	1
GILGFVFTL	CASSTFGNEQFF	1
GILGFVFTL	CASSPHGGANTEAFF	1
GILGFVFTL	CPSCSQDRGLGTGELFF	1
GILGFVFTL	CASSLVIQGGLAGPHEQFF	1
GILGFVFTL	CASSYKRLNTEAFF	1
GILGFVFTL	CASSDGSEANEQFF	1
GILGFVFTL	CASSTASTDTQYF	1
GILGFVFTL	CASSLFGGTSGDNEQFF	1
GILGFVFTL	CASSVTDRGSTEAFF	1
GILGFVFTL	CASSSANEQFF	1
GILGFVFTL	CASSMYRVNEQFF	1
GILGFVFTL	CSARDPDTGELFF	1
GILGFVFTL	CAWSVTFYNEQFF	1
GILGFVFTL	CASRDGTYSYNEQFF	1
GILGFVFTL	CASSPGRVTNEKLFF	1
GILGFVFTL	CASRFWLATLRTEAFF	1
GILGFVFTL	CASSFGLAGGNEQFF	1
GILGFVFTL	CASSFRSSSEAFF	1
GILGFVFTL	CASSVTREYEQFF	1
GILGFVFTL	CSVADLTPAFF	1
GILGFVFTL	CASSLDPGTVSYNEQFF	1
GILGFVFTL	CASSGSDYNEQFF	1
GILGFVFTL	CASSIVPFNEQFF	1
GILGFVFTL	CASSLSAGYTEAFF	1
GILGFVFTL	CASSSGTGGNEQFF	1
GILGFVFTL	CASKILFSYNEQFF	1
GILGFVFTL	CSARDPSANTGELFF	1
GILGFVFTL	CASSIYGAVNTEAFF	1
GILGFVFTL	CASSYRPNTGELFF	1
GILGFVFTL	CASSIYSRNEQFF	1
GILGFVFTL	CASSPNSDEQFF	1
GILGFVFTL	CASSKRFIEGTEAFF	1
GILGFVFTL	CASSPSSVGEQFF	1
GILGFVFTL	CASSPRSATGAFF	1
GILGFVFTL	CGSSGWGKTEAFF	1
GILGFVFTL	CASSIHWGNTEAFF	1
GILGFVFTL	CASSINGGGNNEQFF	1
GILGFVFTL	CASSFGAGNNEQFF	1
GILGFVFTL	CASSIFGGTEAFF	1
GILGFVFTL	CASSLTRLARSYNEQFF	1
GILGFVFTL	CASTIWGDYNEQFF	1
GILGFVFTL	CASGGNAEAFF	1
GILGFVFTL	CASSDAGTRVYNEQFF	1
GILGFVFTL	CASSEGSAYSYNEQFF	1
GILGFVFTL	CASSSRAGWDEQFF	1
GILGFVFTL	CASSPNSAGWTGELFF	1
GILGFVFTL	CASSLSGRVNGELFF	1
GILGFVFTL	CASSRTGIGTEAFF	1
GILGFVFTL	CSVEFEGSSTEAFF	1
GILGFVFTL	CASSTRAFYEQYF	1
GILGFVFTL	CASSPVVEGDYNEQFF	1
GILGFVFTL	CASSQDPAGGGVEQFF	1
GILGFVFTL	CASSLTYGQGMSSGANVLTF	1
GILGFVFTL	CASSMFGRYEQFF	1
GILGFVFTL	CASSSGFEEAFF	1
GILGFVFTL	CASSTPGQGHNEQFF	1
GILGFVFTL	CASSDAVRYSSYNEQFF	1
GILGFVFTL	CASSLGGASAELFF	1
GILGFVFTL	CASSEGGGGTEAFF	1
GILGFVFTL	CASSDRDSTEAFF	1
GILGFVFTL	CASSDSKADRGASDTEAFF	1
GILGFVFTL	CASSIGVGEQFF	1
GILGFVFTL	CASSIFGTSLQFF	1
GILGFVFTL	CASSGWGNTAAFF	1
GILGFVFTL	CASSIFGTSYNEQFF	1
GILGFVFTL	CASSYSIISRDQGAINEQFF	1
GILGFVFTL	CASSPPGRGLAGPHTDTQYF	1
GILGFVFTL	CASSHPEGWGRTEAFF	1
GILGFVFTL	CASTPFGSPGTEAFF	1
GILGFVFTL	CASSEFGGALDEQFF	1
GILGFVFTL	CASQPTGSNEQFF	1
GILGFVFTL	CASCSQDRGLDTRELFF	1
GILGFVFTL	CASSGWGNTEAFFF	1
GILGFVFTL	CSEQAPAGLRPSYNEQFF	1
GILGFVFTL	CASSLGTAEAFF	1
GILGFVFTL	CASSQYSVGEQYF	1
GILGFVFTL	CASSWFYFHSDNEQFF	1
GILGFVFTL	CASRGYNEQFF	1
GILGFVFTL	CASSIRSAWAQHF	1
GILGFVFTL	CAISESGRDNEQFF	1
GILGFVFTL	CASSQDIGSLNTEAFF	1
GILGFVFTL	CASSGRSGYNEQFF	1
GILGFVFTL	CASSVFGTPYNEQFF	1
GILGFVFTL	CASSISGANYNEQFF	1
GILGFVFTL	CASSSRAAYEQFF	1
GILGFVFTL	CARCSQDRGLDTGELFF	1
GILGFVFTL	CASSTGWGAGQPQHF	1
GILGFVFTL	CASSMLSQDIQYF	1
GILGFVFTL	CASSAPDLGGDTEAFF	1
ALWEIQQVV	CASSLIWLAGELTGELFF	1
ALWEIQQVV	CAWINPGQGPYEQYF	1
ALWEIQQVV	CASGSTSFNEQFF	1
ALWEIQQVV	CASSYQPGVATNEKLFF	1
ALWEIQQVV	CASMADTQYF	1
ALWEIQQVV	CASSAQEGRIEMNTEAFF	1
ALWEIQQVV	CASSVAGTGGLFYTF	1
ALWEIQQVV	CASSPGQVEAFF	1
ALWEIQQVV	CASSLSFGGEKAFF	1
ALWEIQQVV	CASSYVTGASYEQYF	1
ALWEIQQVV	CAKLVTGAVSGEQFF	1
ALWEIQQVV	CASSEDPASYEQYF	1
ALWEIQQVV	CAISESWTSGIGREETQYF	1
ALWEIQQVV	CASSLTPGGSTDTQYF	1
ALWEIQQVV	CASGGTVDSSYNSPLHF	1
ALWEIQQVV	CASRSWVRAPNQPQHF	1
ALWEIQQVV	CASSLAQGTGYTF	1
ALWEIQQVV	CASSYLGQGENYGYTF	1
ALWEIQQVV	CASSLRDTATNEKLFF	1
ALWEIQQVV	CASTDGGRGLNTEAFF	1
ALWEIQQVV	CATSSMGYSNQPQHF	1
ALWEIQQVV	CASSQGTGSSYNEQFF	1
ALWEIQQVV	CASSYVTGANTEAFF	1
ALWEIQQVV	CASSPGSDNEQFF	1
ALWEIQQVV	CASAGPGNTIYF	1
ALWEIQQVV	CASSMVVHEQFF	1
ALWEIQQVV	CASREGQHDEKLFF	1
ALWEIQQVV	CASSIGLGGGYTF	1
YLQPRTFLL	CSARDQQGQNTGELFF	1
YLQPRTFLL	CASSVSPNEQFF	1
YLQPRTFLL	CATLGSNTGELFF	1
YLQPRTFLL	CVRGEANTGELFF	1
YLQPRTFLL	CASLGDPNTGELFF	1
YLQPRTFLL	CATTDLDSGELFF	1
YLQPRTFLL	CASSSEIEAFF	1
YLQPRTFLL	CAWLRDMNTGELFF	1
YLQPRTFLL	CAVEGVYGEAFF	1
YLQPRTFLL	CASSPRGPSTDTQYF	1
YLQPRTFLL	CASSILAGGNTGELFF	1
YLQPRTFLL	CSVDRDRNTGELFF	1
YLQPRTFLL	CASFQDQNTGELFF	1
YLQPRTFLL	CASSPVAGGNTGELFF	1
YLQPRTFLL	CAIASQNTGELFF	1
YLQPRTFLL	CSARDERALNTGELFF	1
YLQPRTFLL	CASSSATFFEQNYGYTF	1
YLQPRTFLL	CASSEIAGGNTGELFF	1
YLQPRTFLL	CSARDHGATNTGELFF	1
YLQPRTFLL	CASSSDIIAFF	1
YLQPRTFLL	CSVSRDRNTGELFF	1
YLQPRTFLL	CADQDSNTGELFF	1
YLQPRTFLL	CASSDDLGGNTGELFF	1
YLQPRTFLL	CASSPEDIQYF	1
YLQPRTFLL	CAEGERNTGELFF	1
YLQPRTFLL	CSARDAGGQNTGELFF	1
YLQPRTFLL	CASSSVSLGNEQFF	1
YLQPRTFLL	CASSPDILHTF	1
YLQPRTFLL	CASPSENTGELFF	1
YLQPRTFLL	CASSQDIYAFF	1
YLQPRTFLL	CASRDRGNYYGYTF	1
YLQPRTFLL	CARQDSNTGELFF	1
YLQPRTFLL	CSARTPMGQNTGELFF	1
YLQPRTFLL	CASSLLDSLEQYF	1
YLQPRTFLL	CASSPPSGGNTGELFF	1
YLQPRTFLL	CASHSDRNTGELFF	1
YLQPRTFLL	CAGSTSLTGELFF	1
YLQPRTFLL	CASSEGESNTGELFF	1
YLQPRTFLL	CAEQDLNTGELFF	1
YLQPRTFLL	CSVTRDSNTGELFF	1
YLQPRTFLL	CASSPPGHGNTGELFF	1
YLQPRTFLL	CSAQWDRNTGELFF	1
YLQPRTFLL	CATSDLQRGNTGELFF	1
YLQPRTFLL	CASQDINTGELFF	1
YLQPRTFLL	CASRGPGQMNTGELFF	1
YLQPRTFLL	CASAEMNTGELFF	1
YLQPRTFLL	CATGGDHNTGELFF	1
YLQPRTFLL	CASGHPNDLKAFF	1
YLQPRTFLL	CSARDQASQNTGELFF	1
YLQPRTFLL	CASSPTGGGNTGELFF	1
YLQPRTFLL	CASSADIEQYF	1
YLQPRTFLL	CASTELDTGELFF	1
YLQPRTFLL	CANGSPNTGELFF	1
YLQPRTFLL	CSARDLAGMNTGELFF	1
YLQPRTFLL	CASSSDDMRNTGELFF	1
YLQPRTFLL	CSARDRQGQNTGELFF	1
YLQPRTFLL	CASSSGQGVDAFF	1
YVLDHLIVV	CSVGLALYNEQFS	1
YVLDHLIVV	CASSSYSSEQFY	1
YVLDHLIVV	CASSPTVANYGYTL	1
YVLDHLIVV	CSAVQALYNEQFS	1
YVLDHLIVV	CSARGDRGEVETQYI	1
YVLDHLIVV	CASSLDLVRREAISPSI	1
YVLDHLIVV	CASSVIGTQYI	1
YVLDHLIVV	CSAQDGANTGELFL	1
YVLDHLIVV	CSAPGLAGQVSSCEQYL	1
YVLDHLIVV	CSASWTSGSVDTQYL	1
YVLDHLIVV	CASFSMTGQETQYS	1
YVLDHLIVV	CASRGTGGLYNEQFL	1
YVLDHLIVV	CASSALLGAASTQYC	1
YVLDHLIVV	CASSEQANEQFL	1
YVLDHLIVV	CSVYDSYYGYPS	1
YVLDHLIVV	CSLTPPAGTSGRTDTQCL	1
YVLDHLIVV	CACSRTPSYEQYS	1
YVLDHLIVV	CASSLLAGDTQYL	1
YVLDHLIVV	CASSPTLQGVAYEQYS	1
YVLDHLIVV	CASSLAGPNEQFS	1
YVLDHLIVV	CSVRGSAFYEQYS	1
YVLDHLIVV	CASSLYQETQYF	1
YVLDHLIVV	CSVGGTGSGTCGAFSYNEQFL	1
YVLDHLIVV	CARGFGTSGEADTQYS	1
YVLDHLIVV	CASSLVLAGVHEQYL	1
YVLDHLIVV	CARRPGGRGIP	1
YVLDHLIVV	CCVGLALYNEQFS	1
YVLDHLIVV	CSVVAGANNEQFTD	1
YVLDHLIVV	CSARPEGASCNEQFL	1
YVLDHLIVV	CSAIGGWLALGTDTQYV	1
YVLDHLIVV	CSVVSLLGNGQFI	1
YVLDHLIVV	CASSHMFAAFY	1
YVLDHLIVV	CARSDLGGIP	1
YVLDHLIVV	CRVGQGEDNEQFS	1
YVLDHLIVV	CASSWTPSYEQYL	1
YVLDHLIVV	CSARGKGSIYNEQFL	1
YVLDHLIVV	CASSLAAGLAPHPDEQFS	1
YVLDHLIVV	CSALGLADSYEQYV	1
YVLDHLIVV	CARSDLGGGGIP	1
YVLDHLIVV	CSARGTSFYEQYS	1
YVLDHLIVV	CSARGSTFYEQYS	1
YVLDHLIVV	CASSQSKVDGAVKHSVG	1
YVLDHLIVV	CSVGGTGSGTSGAYSYNEQP	1
YVLDHLIVV	CSAPGLAGQVSSYEQYS	1
YVLDHLIVV	CASSLYSGEQYY	1
YVLDHLIVV	CSARPETSLGQYL	1
YVLDHLIVV	CASSQLGSYEQYL	1
YVLDHLIVV	CSARPTVSYEQYS	1
YVLDHLIVV	CASSVGAVGTSGTRDPVI	1
YVLDHLIVV	CASSVEDLRYGYTY	1
YVLDHLIVV	CASSTLGTSGRLAYEQYL	1
YVLDHLIVV	CASSSLTYNEQFL	1
YVLDHLIVV	CSAVAGPNNEQFL	1
YVLDHLIVV	CASSLLRTDYNEQFS	1
YVLDHLIVV	CASSVLLGSASTQYI	1
YVLDHLIVV	CASSPDPTGYNEQFS	1
YVLDHLIVV	CSARTSGSYEQYF	1
YVLDHLIVV	CSASAPRGLLQETQYL	1
YVLDHLIVV	CASSQERGSYEQYS	1
YVLDHLIVV	CSALTVPGLAGGMGRNEQFL	1
YVLDHLIVV	CASSEFLDYYGYTS	1
YVLDHLIVV	CASSQSKVGGAVKHSVL	1
YVLDHLIVV	CASSERSAYEQYS	1
YVLDHLIVV	CASSGINAELFV	1
YVLDHLIVV	CSATIPPYNEQFS	1
YVLDHLIVV	CASRHPLGGASEQYI	1
YVLDHLIVV	CSGGGTGAGTSGAYSYNEQFL	1
YVLDHLIVV	CASGGFLSLPYEQYL	1
YVLDHLIVV	CASSLTYGGAGELFFL	1
YVLDHLIVV	CASRALLGGATEAFL	1
YVLDHLIVV	CSVGQALYNEQFV	1
YVLDHLIVV	CSVGLALYNEQFL	1
YVLDHLIVV	CSASSQQDYGYTL	1
YVLDHLIVV	CASSLSNETFS	1
YVLDHLIVV	CASSLYSDTQYV	1
YVLDHLIVV	CSEDTLRRETQYS	1
YVLDHLIVV	CSAAQALYNEQFS	1
YVLDHLIVV	CASRSGTSVSYEQYS	1
YVLDHLIVV	CASSFLLGGLSPSNL	1
YVLDHLIVV	CASRPLTGAVSPSI	1
YVLDHLIVV	CASSQDQGHGEAFL	1
YVLDHLIVV	CAWNDGPNYNEQFS	1
YVLDHLIVV	CSVGGTGSGTSG	1
YVLDHLIVV	CASSLTSGTDTQY	1
YVLDHLIVV	CSVGVRGESGANVLTL	1
YVLDHLIVV	CSVVSWYEQLL	1
YVLDHLIVV	CASTLGDTQYS	1
YVLDHLIVV	CASSDSPLAGQETQYS	1
SPRWYFYYL	CASSSLVGIQAGKETQYF	1
SPRWYFYYL	CASSLAGGPATEQYF	1
SPRWYFYYL	CASSAPVISGTYEQYF	1
SPRWYFYYL	CASSLAGAQQAFF	1
SPRWYFYYL	CASSLIAGGPEAKNIQYF	1
SPRWYFYYL	CASSSRTAPSDTQYF	1
SPRWYFYYL	CASSSMTGIGRYEQYF	1
SPRWYFYYL	CASSSMTSGIRYEQYF	1
SPRWYFYYL	CASSPLTGGPEEKGTQYF	1
SPRWYFYYL	CASSRTGGSYNEQFF	1
SPRWYFYYL	CSARDPGRNFYDEQFF	1
SPRWYFYYL	CASSPMTGQEKDKNIQYF	1
SPRWYFYYL	CASSQVLAGSTDTQYF	1
SPRWYFYYL	CASSPALGREQYF	1
SPRWYFYYL	CASSLFSSGQGNGYTF	1
SPRWYFYYL	CASSPLTGRSEEKETQYF	1
SPRWYFYYL	CASSRLTPGQGDYF	1
SPRWYFYYL	CSVDGGSTIYF	1
SPRWYFYYL	CSATYRGTPYEQYF	1
SPRWYFYYL	CASSPLAGGFEKKETQYF	1
SPRWYFYYL	CATQPRSSYNSPLHF	1
SPRWYFYYL	CASSAIAGGRREQYF	1
SPRWYFYYL	CASSLWNTGELFF	1
SPRWYFYYL	CASSRLESLGNTIYF	1
SPRWYFYYL	CASSLAGALEQYF	1
SPRWYFYYL	CASSLNPNTEAFF	1
SPRWYFYYL	CASRPLTGGPLAKNIQYF	1
SPRWYFYYL	CATEPGQGLVGELFF	1
SPRWYFYYL	CASSLLPLGGQKDNEQFF	1
SPRWYFYYL	CASSQDWTEVHEQFF	1
SPRWYFYYL	CASSPRDSPSDEQFF	1
SPRWYFYYL	CATSRLAGGYNEQFF	1
SPRWYFYYL	CASSSGTGQGGFYGYTF	1
SPRWYFYYL	CASSSLTGPSLAKNIQYF	1
SPRWYFYYL	CASSVEVQARSDTQYF	1
SPRWYFYYL	CASSPLTGQGLGGAYEQYF	1
SPRWYFYYL	CASRNLTGNIQYF	1
SPRWYFYYL	CASRRDRVNTEAFF	1
SPRWYFYYL	CASSYLPTGGTDTQYF	1
SPRWYFYYL	CASSLAGLGYTF	1
SPRWYFYYL	CASSFLVGRAPEKETQYF	1
SPRWYFYYL	CATSDLTQDTQYF	1
SPRWYFYYL	CASSYYPSASGRADETQYF	1
SPRWYFYYL	CASSALTSAKRYEQFF	1
SPRWYFYYL	CASSRAQSSYGYTF	1
SPRWYFYYL	CATSEEVPNTEAFF	1
SPRWYFYYL	CASSDLAQYLNTGELFF	1
SPRWYFYYL	CASSLAGGGTQPQHF	1
SPRWYFYYL	CATSDLVEDTQYF	1
SPRWYFYYL	CASSPITGAPEAKNIQYF	1
SPRWYFYYL	CASNLLTGGDADTQYF	1
SPRWYFYYL	CASSQDSGTGSKNTIYF	1
SPRWYFYYL	CASRHHLIGTGHTGELFF	1
SPRWYFYYL	CASSTEDRVSYNEQFF	1
SPRWYFYYL	CASSLFSGGAAMNTEAFF	1
GLCTLVAML	CASSSGQTAPGELFF	1
GLCTLVAML	CASSSGGGAPSGNTIYF	1
GLCTLVAML	CASSSLGGGWGGQYL	1
GLCTLVAML	CASSLNAGDNEQFF	1
GLCTLVAML	CASSQIAGSYEQYC	1
GLCTLVAML	CSARDGTGNGYTV	1
GLCTLVAML	CASSKRTGGGSPSI	1
GLCTLVAML	CASSVDTGLTGELFF	1
GLCTLVAML	CSGEWDQNIQYF	1
GLCTLVAML	CASSQGVGDTLSYEQYF	1
GLCTLVAML	CASSVAGGEEQFC	1
GLCTLVAML	CASSPTSGSIYEQYFG	1
GLCTLVAML	CASSPTSGSIFEQYL	1
GLCTLVAML	CSARSGQGNDYTF	1
GLCTLVAML	CASSSGQLSNTGELFF	1
GLCTLVAML	CASSAPDKAPNEQYF	1
GLCTLVAML	CASSPTSWSIYEQYI	1
GLCTLVAML	CSVAGTRTDTQYW	1
GLCTLVAML	CASSSHLDREETQYY	1
GLCTLVAML	CSARDGTGNGYTSL	1
GLCTLVAML	CASGGGGGGYYNEQFF	1
GLCTLVAML	CSARDTTGNGYTL	1
GLCTLVAML	CSARPTSGRSYEQYL	1
GLCTLVAML	CASSLAKRGAEEQYS	1
GLCTLVAML	CSARDGAGNTIYY	1
GLCTLVAML	CASSQALGNEQFI	1
GLCTLVAML	CASSLAKKGAEEQYS	1
GLCTLVAML	CAGSQSPGGTQYS	1
GLCTLVAML	CASSYSVTDTGELFS	1
GLCTLVAML	CASSSGQKAPGELFF	1
GLCTLVAML	CSVGSGGTNEKTVFL	1
GLCTLVAML	CASSSGTDLNQPQH	1
GLCTLVAML	CSVGGSFYGYT	1
GLCTLVAML	CSARDRVGNGYTC	1
GLCTLVAML	CSARFREYSGNTIYS	1
GLCTLVAML	CASRSGGAGGPNYGYTL	1
GLCTLVAML	CASSLGPAYEQHL	1
GLCTLVAML	CASSGARDTQYS	1
GLCTLVAML	CASSLNFGDSYNEQFF	1
GLCTLVAML	CATSSRTGPSYNEQFF	1
GLCTLVAML	CASSLGGEQYS	1
GLCTLVAML	CTSRLRGRGIVNNEQFL	1
GLCTLVAML	CASSQSPGGIQYL	1
GLCTLVAML	CASSPTSGSIIEQYL	1
GLCTLVAML	CASSQSPGGTQY	1
GLCTLVAML	CSARFRENSGTPYI	1
GLCTLVAML	CASSEASDITDTQYS	1
GLCTLVAML	CASRLRGRGIVVNEQFL	1
GLCTLVAML	CASSDGQVATNEKLFFG	1
GLCTLVAML	CASSGGQVVPGELFF	1
GLCTLVAML	CASSYPTGHSSYNEQVL	1
GLCTLVAML	CSARSHVGNTIYF	1
GLCTLVAML	CSARDVTSKNYGYTL	1
GLCTLVAML	CASSEGQVLPGEQYF	1
GLCTLVAML	CSASRGMYGYTL	1
GLCTLVAML	CASSQSPGGTQYC	1
GLCTLVAML	CSASREMYGYTA	1
GLCTLVAML	CSVGGQANTEAFL	1
GLCTLVAML	CASSVGGLAGGVETQYF	1
GLCTLVAML	CSVRSEGDTIYF	1
GLCTLVAML	CSVPPGADYNEQSS	1
GLCTLVAML	CASRTGTGNEKLFL	1
GLCTLVAML	CASSPTSGSVYEQFL	1
GLCTLVAML	CSVPAGTDYNEQFS	1
GLCTLVAML	CSVDGEGAGDTL	1
GLCTLVAML	CASSNQGDGTDTQYF	1
GLCTLVAML	CASSPPEQLPTEAFF	1
GLCTLVAML	CASSLPRDTL	1
GLCTLVAML	CASSPGQLSNTGELFF	1
GLCTLVAML	CASSNSRQGRLRAVL	1
GLCTLVAML	CSADRGDGYTL	1
GLCTLVAML	CASSFLAGGPFETQYF	1
GLCTLVAML	CASSVDSGLTGELFF	1
GLCTLVAML	CASKTGTGNEKLFL	1
GLCTLVAML	CASRLRGRGIVDNEQFL	1
GLCTLVAML	CSVAGTRTDAQYL	1
GLCTLVAML	CASSGSLDEQFS	1
GLCTLVAML	CASIQSGFVYEQYL	1
GLCTLVAML	CSAPEGLAGYEQYL	1
GLCTLVAML	CASSGMTRSTIYS	1
GLCTLVAML	CASSPQGVSPGTIYF	1
GLCTLVAML	CSARSQVGNTIYF	1
GLCTLVAML	CSARVRPTGNTIYF	1
GLCTLVAML	CASSPTSGSSYEQYC	1
GLCTLVAML	CASSYPTGHSSYNEQFS	1
GLCTLVAML	CASSTGQQTNTGELFF	1
GLCTLVAML	CASAGPGQVYEQYV	1
RPHERNGFTVL	CASSPDSTGPQETQYF	1
RPHERNGFTVL	CASSQAGRGLGEKLFF	1
RPHERNGFTVL	CASSLSLDSGANVLTF	1
RPHERNGFTVL	CARGGRAKNTEAFF	1
RPHERNGFTVL	CASSSAEEAGYLYGYTF	1
RPHERNGFTVL	CSVGAGGNTIYF	1
RPHERNGFTVL	CASSHDERTGSYEQYF	1
RPHERNGFTVL	CASSEGLEIRMRSSYEQYF	1
RPHERNGFTVL	CSARATGQDSNTEAFF	1
RPHERNGFTVL	CATSDLTTGANTGELFF	1
RPHERNGFTVL	CASGPGRGLSLGNQPQHF	1
RPHERNGFTVL	CASSPARNTEAFF	1
RPHERNGFTVL	CAISLGTSGRESYNEQFF	1
RPHERNGFTVL	CASSRFVPGQGGGTDTQYF	1
RPHERNGFTVL	CASSSSRDRGYNYGYTF	1
RPHERNGFTVL	CASSVGSSATYNEQFF	1
RPHERNGFTVL	CASSPEGLWPQHF	1
RPHERNGFTVL	CASSPSRNTEAFF	1
RPHERNGFTVL	CASSPHRNTEAFF	1
RPHERNGFTVL	CASGSQGRGDTEAFF	1
RPHERNGFTVL	CASSQTRNREAFF	1
RPHERNGFTVL	CASSRKFTGVMNTEAFF	1
RPHERNGFTVL	CASSPPMGADTQYF	1
RPHERNGFTVL	CAISDWRQGGATAYEQYF	1
RPHERNGFTVL	CSARDFRDPKTTEAFF	1
RPHERNGFTVL	CSASGSSVRSTYEQYF	1
RPHERNGFTVL	CASAPNPNTGELFF	1
RPHERNGFTVL	CASSGWEGELFF	1
RPPIFIRRL	CASSQDRFTGSYTF	1
RPPIFIRRL	CASSLFRGGGYGYTF	1
RPPIFIRRL	CASSQETGSYTIYF	1
RPPIFIRRL	CASSIPGWTEAFF	1
RPPIFIRRL	CASSFPQGGSSGNTIYF	1
RPPIFIRRL	CASSQDRLTGFYTF	1
RPPIFIRRL	CASSLPQGGQVGNTIYF	1
RPPIFIRRL	CASSDHQGGDGNTIYF	1
RPPIFIRRL	CASSLPAGGYSGNTIYF	1
RPPIFIRRL	CASSRLPGTGHTGELFF	1
RPPIFIRRL	CASSQETGTFYGYTF	1
RPPIFIRRL	CASSYAAGPLETQYF	1
RPPIFIRRL	CASSQQAGSLETQYF	1
RPPIFIRRL	CASSYPSGGTSGNTIYF	1
RPPIFIRRL	CASSQEHKESYEQYF	1
RPPIFIRRL	CASSQETGIYEQYF	1
RPPIFIRRL	CASSQDPSQEGFF	1
RPPIFIRRL	CASSVEYGRSTDTQYF	1
RPPIFIRRL	CAIEDSQGGNTEAFF	1
RPPIFIRRL	CASSQDRFTGTYTF	1
RPPIFIRRL	CASSQEAGLGYEKLFF	1
RPPIFIRRL	CASTLPEAGEFYGYTF	1
RPPIFIRRL	CASSSGQGGELF	1
RPPIFIRRL	CASKDLSGGEQYF	1
RPPIFIRRL	CASSELAGGDRTEAFF	1
RPPIFIRRL	CASSQDRLTGRYTF	1
RPPIFIRRL	CASSPGRGLATNEKLFF	1
RPPIFIRRL	CASSQDRLTGDYTF	1
RPPIFIRRL	CASRATFTDTQYF	1
RPPIFIRRL	CASSQLSGSLETQYF	1
RPPIFIRRL	CASSLDGPGAGEQYF	1
RPPIFIRRL	CASSYAAGQLETQYF	1
RPPIFIRRL	CASIPLDHNSNTEAFF	1
RPPIFIRRL	CASSQEGGTATYEQYF	1
RPPIFIRRL	CSVWGLAGGPTGYEQYF	1
RPPIFIRRL	CASSYSAGQLETQYF	1
RPPIFIRRL	CASIDLDPTGELFF	1
RPPIFIRRL	CASSHETGRNQPQHF	1
RPPIFIRRL	CASSQDLWGPGYTF	1
RPPIFIRRL	CASSGFSGPQDKPQHF	1
GLCTLVAML	CSATAAGNQPQHF	0
YVLDHLIVV	CASSGRGEDTQYF	0
RPHERNGFTVL	CASSAGQGAYEQFF	0
RPPIFIRRL	CASSLLSGGTAYEQYF	0
SPRWYFYYL	CASSLVRTSLPREQFF	0
TPRVTGGGAM	CATSASSGQGAYEQFF	0
SPRWYFYYL	CASSLAGGLRYNEQFF	0
GILGFVFTL	CAISERGQGNAEAFF	0
ALWEIQQVV	CSAPLAGTAYEQYF	0
GLCTLVAML	CANSRDRVEGYTF	0
GLCTLVAML	CASRADRVSYGYTF	0
RPHERNGFTVL	CASSEGRSTDTQYF	0
RPPIFIRRL	CASSPTIGVLRYF	0
SPRWYFYYL	CSARDIYRGRIGGYTF	0
SPRWYFYYL	CASSYSRQGETQYF	0
YLQPRTFLL	LYGEHCHGQETQYF	0
YLQPRTFLL	CASSFGRTEAFF	0
ALWEIQQVV	CAISTHRGGYTF	0
TPRVTGGGAM	CASSQTREGYGYTF	0
GLCTLVAML	CASTPGTESYEQYFGPGPVSEAFF	0
RPPIFIRRL	CASSQTSGSGANVLTF	0
YVLDHLIVV	CASSPGGAFYNEQFF	0
GILGFVFTL	CARGGRAIGPRLSRVTKAAGARPPA	0
TPRVTGGGAM	CASGFGSYEQYF	0
ALWEIQQVV	CAVDSSGGTGLDEQYF	0
RPHERNGFTVL	CASSLGTSGAYEQYV	0
YVLDHLIVV	CSVARPSSYEQYF	0
SPRWYFYYL	CACAGLAYEQYF	0
GILGFVFTL	CASSRRENTEAFF	0
GLCTLVAML	CASSSKTDYEQYF	0
GILGFVFTL	CSPGAAYEQYF	0
SPRWYFYYL	CSAPLAGGANEQFF	0
YLQPRTFLL	CSAVLPGQDYTGELFF	0
YLQPRTFLL	CASSLENRESGTQYF	0
RPPIFIRRL	CSAPLAGGLNEQFF	0
YVLDHLIVV	CASSGQGSHEQYV	0
TPRVTGGGAM	CASSAAGGGNEQFF	0
GILGFVFTL	CASNGAGLAYEQYF	0
GLCTLVAML	CASSAAGAVYNEQFF	0
GLCTLVAML	CASSAGTGAYGYTF	0
GLCTLVAML	CSARDLVGGDTQYF	0
YVLDHLIVV	CASSQENRGPSPQHF	0
YLQPRTFLL	CASTPGLQEKLFF	0
TPRVTGGGAM	CSAPTVGGQGYNEQFF	0
SPRWYFYYL	CASLGGIPVNEQFF	0
RPHERNGFTVL	CSEVAASGSSYNEQFF	0
SPRWYFYYL	CASSVGGGAPYNEQFF	0
GLCTLVAML	CASSAGTGDNEQFF	0
SPRWYFYYL	CASSLEVLAGGQLQFF	0
YLQPRTFLL	CASSGSSGGHPYEQYF	0
GILGFVFTL	CASSYTGAYVLTF	0
SPRWYFYYL	CASRLPVPGQGWTEAFF	0
RPHERNGFTVL	CAAGHSIRVSYMGVLRGAAG	0
SPRWYFYYL	CASSLEGYGTPAEAFF	0
RPHERNGFTVL	CASSHPGTYTEAFF	0
GLCTLVAML	CAISEGGALSYEQYV	0
YVLDHLIVV	CSAKNSGGYNEQFF	0
RPHERNGFTVL	CSVDRDRGREQYV	0
GILGFVFTL	CASSAWGQGYETQYF	0
ALWEIQQVV	CASSSPGLGRGEQFF	0
YLQPRTFLL	CATSRGQGAYEQYF	0
RPHERNGFTVL	CASSQTLSYNEQFF	0
SPRWYFYYL	CASSESGTAYGYTF	0
SPRWYFYYL	CASAGPEMYEQYF	0
GILGFVFTL	CATSVHRGRSFYGYTF	0
TPRVTGGGAM	CASSGQGSYDEQFF	0
TPRVTGGGAM	CASGMDTTPASPLHF	0
ALWEIQQVV	CASSLEGRWGQPLNQPQHF	0
ALWEIQQVV	CASSLGHVSRGYNSPLHF	0
TPRVTGGGAM	CASSVGGVSYNGYTF	0
TPRVTGGGAM	CASVGGVPYNEQFF	0
YLQPRTFLL	CASSQGNSGNTIYF	0
SPRWYFYYL	CASSGQGAYEQYV	0
SPRWYFYYL	CASSSSGSATDTQYF	0
YLQPRTFLL	CATSRGQGEETQYF	0
RPPIFIRRL	CSAPLAGYNEQFF	0
ALWEIQQVV	CASSPESSGGTAYEQYF	0
GLCTLVAML	CASSPGTTAEQFF	0
RPPIFIRRL	CASSAGGAYEQYV	0
RPPIFIRRL	CSAQTWWEKLFF	0
RPHERNGFTVL	CSARAEEGAYNEQFF	0
RPHERNGFTVL	CASSQESGSYEQYF	0
ALWEIQQVV	CASSLVAGGGTGELFF	0
YVLDHLIVV	CASSLATVLDMGQGRNIQYF	0
RPPIFIRRL	CASSLGGSVNQPQHF	0
TPRVTGGGAM	CASTHTGTVSYEQYF	0
YLQPRTFLL	CASSLGTGANYGYTF	0
RPHERNGFTVL	CASNKKGGFYNEQFF	0
SPRWYFYYL	CASSSQGGSSQAFF	0
YLQPRTFLL	CSAVSGNQPQHF	0
SPRWYFYYL	CSAPTSGGTAYEQYF	0
GILGFVFTL	CASSTLQGQEAFF	0
RPHERNGFTVL	CSATSAGPEMYEQYF	0
ALWEIQQVV	CVSRPGQAYEQYF	0
YLQPRTFLL	CASSLEVLAGVLYEQYF	0
YVLDHLIVV	CASSPEASVSYGYTF	0
RPPIFIRRL	CASSPSGGVSYNEQFF	0
YLQPRTFLL	CASSFPGLSEAFF	0
ALWEIQQVV	CASSESGTGYNEQFF	0
YVLDHLIVV	CASSGVIDTQYF	0
RPHERNGFTVL	CASSLGLGTGHPNEKLFF	0
LLWNGPMAV	CASSLVGVGLSDEQFF	0
YLQPRTFLL	CASSYSHGELFF	0
YLQPRTFLL	CASSLSPSTVNTGELFF	0
LLWNGPMAV	CASSLHDRSGARTEAFF	0
ALWEIQQVV	CASRLGPGGPPDTQYF	0
RPHERNGFTVL	CASSFIGEGGSDEQYF	0
GILGFVFTL	CASSLVGSGQGDEQFF	0
YLQPRTFLL	CASSSHDRDGGHSPLHF	0
GILGFVFTL	CASSQEPSASYEQYF	0
SPRWYFYYL	CASSYSIRTEAFF	0
RPHERNGFTVL	CASSSHDRHGIGSPLHF	0
GLCTLVAML	CASSLIGESVRNEQFF	0
YVLDHLIVV	CASSFIGVGKTDEQYF	0
YVLDHLIVV	CASSLIGVSGSNEQFF	0
RPHERNGFTVL	CASTITGRGVDEQYF	0
RPHERNGFTVL	CASSPDSPGAEREQYF	0
LLWNGPMAV	CASSFRDRGNYEQYF	0
RPHERNGFTVL	CASSLGSGIYNEQFF	0
RPHERNGFTVL	CASSKPGTGLSGGGYTF	0
YVLDHLIVV	CSARDPGSTYEQYF	0
SPRWYFYYL	CASSYHDLGGAGSPLHF	0
SPRWYFYYL	CASSYDTGLTEQYF	0
SPRWYFYYL	CASSIHHRGSSSPLHF	0
ALWEIQQVV	CASSLLMGARYEQYF	0
YLQPRTFLL	CASSLSLSTSSNEQFF	0
GLCTLVAML	CASSRGTPNEQFF	0
YVLDHLIVV	CASSSHDETGVGSPLHF	0
SPRWYFYYL	CASSFVAGSSYNEQFF	0
RPPIFIRRL	CASSTHDRSGVGSPLHF	0
GLCTLVAML	CASSLIGVSPYNEQFF	0
ALWEIQQVV	CASSFQDGYNEQFF	0
ALWEIQQVV	CASSDRTEGDYEQYF	0
YVLDHLIVV	CASSLGGEPGELFF	0
YVLDHLIVV	CASSFHDREGVGSPLHF	0
RPPIFIRRL	CASSLSFGFRGFGTEAFF	0
RPHERNGFTVL	CASSQEGLARDEQFF	0
LLWNGPMAV	CASSLIGVGERDTQYF	0
RPHERNGFTVL	CASSFLQGPSSGNTIYF	0
ALWEIQQVV	CASRTGSGSYNEQFF	0
ALWEIQQVV	CASSLAGDRPGTEAFF	0
RPPIFIRRL	CASSYQDLQGIRSPLHF	0
RPHERNGFTVL	CASSLVGEGLPRAREQYF	0
YVLDHLIVV	CASSLGSGARELFF	0
RPPIFIRRL	CASSTHDLGGVGSPLHF	0
RPHERNGFTVL	CASSLGAAVGELFF	0
RPPIFIRRL	CASSNRDRGAYEQYF	0
RPHERNGFTVL	CASSSHEVQGYNSPLHF	0
SPRWYFYYL	CASSIMDRGPGELFF	0
YVLDHLIVV	CASSFHDRTGVSSPLHF	0
RPPIFIRRL	CASSTHDLQGPSSPLHF	0
ALWEIQQVV	CASSLREGPYPETQYF	0
ALWEIQQVV	CASSLGVSNYEQYF	0
GLCTLVAML	CASSLGPAHYEQYF	0
SPRWYFYYL	CASRIGGAGNSPLHF	0
RPHERNGFTVL	CASSSSDSRTEAFF	0
SPRWYFYYL	CASSTHGADTEAFF	0
YVLDHLIVV	CASSPNGGNEQFF	0
RPHERNGFTVL	CASSQYAPIRTEAFF	0
SPRWYFYYL	CASSMRAGGEQYF	0
SPRWYFYYL	CASSLEINEQFF	0
ALWEIQQVV	CASSQPDRTNTEAFF	0
RPHERNGFTVL	CANSAGGQGGRSGELFF	0
RPHERNGFTVL	CASRTGAKNTEAFF	0
SPRWYFYYL	CASRITGPEAFF	0
RPHERNGFTVL	CSARAWDRAQATNEKLFF	0
LLWNGPMAV	CASSTFGNEQFF	0
YVLDHLIVV	CASSPHGGANTEAFF	0
RPPIFIRRL	CPSCSQDRGLGTGELFF	0
TPRVTGGGAM	CASSLVIQGGLAGPHEQFF	0
RPPIFIRRL	CASSYKRLNTEAFF	0
SPRWYFYYL	CASSDGSEANEQFF	0
TPRVTGGGAM	CASSTASTDTQYF	0
LLWNGPMAV	CASSLFGGTSGDNEQFF	0
TPRVTGGGAM	CASSVTDRGSTEAFF	0
YVLDHLIVV	CASSSANEQFF	0
TPRVTGGGAM	CASSMYRVNEQFF	0
SPRWYFYYL	CSARDPDTGELFF	0
SPRWYFYYL	CAWSVTFYNEQFF	0
SPRWYFYYL	CASRDGTYSYNEQFF	0
YLQPRTFLL	CASSPGRVTNEKLFF	0
YLQPRTFLL	CASRFWLATLRTEAFF	0
LLWNGPMAV	CASSFGLAGGNEQFF	0
RPHERNGFTVL	CASSFRSSSEAFF	0
TPRVTGGGAM	CASSVTREYEQFF	0
ALWEIQQVV	CSVADLTPAFF	0
ALWEIQQVV	CASSLDPGTVSYNEQFF	0
YLQPRTFLL	CASSGSDYNEQFF	0
YLQPRTFLL	CASSIVPFNEQFF	0
RPPIFIRRL	CASSLSAGYTEAFF	0
LLWNGPMAV	CASSSGTGGNEQFF	0
SPRWYFYYL	CASKILFSYNEQFF	0
SPRWYFYYL	CSARDPSANTGELFF	0
YVLDHLIVV	CASSIYGAVNTEAFF	0
YLQPRTFLL	CASSYRPNTGELFF	0
SPRWYFYYL	CASSIYSRNEQFF	0
TPRVTGGGAM	CASSPNSDEQFF	0
TPRVTGGGAM	CASSKRFIEGTEAFF	0
YLQPRTFLL	CASSPSSVGEQFF	0
ALWEIQQVV	CASSPRSATGAFF	0
LLWNGPMAV	CGSSGWGKTEAFF	0
ALWEIQQVV	CASSIHWGNTEAFF	0
YVLDHLIVV	CASSINGGGNNEQFF	0
SPRWYFYYL	CASSFGAGNNEQFF	0
RPPIFIRRL	CASSIFGGTEAFF	0
ALWEIQQVV	CASSLTRLARSYNEQFF	0
RPHERNGFTVL	CASTIWGDYNEQFF	0
GLCTLVAML	CASGGNAEAFF	0
RPHERNGFTVL	CASSDAGTRVYNEQFF	0
LLWNGPMAV	CASSEGSAYSYNEQFF	0
ALWEIQQVV	CASSSRAGWDEQFF	0
GLCTLVAML	CASSPNSAGWTGELFF	0
RPPIFIRRL	CASSLSGRVNGELFF	0
LLWNGPMAV	CASSRTGIGTEAFF	0
LLWNGPMAV	CSVEFEGSSTEAFF	0
RPPIFIRRL	CASSTRAFYEQYF	0
RPHERNGFTVL	CASSPVVEGDYNEQFF	0
SPRWYFYYL	CASSQDPAGGGVEQFF	0
LLWNGPMAV	CASSLTYGQGMSSGANVLTF	0
ALWEIQQVV	CASSMFGRYEQFF	0
SPRWYFYYL	CASSSGFEEAFF	0
LLWNGPMAV	CASSTPGQGHNEQFF	0
LLWNGPMAV	CASSDAVRYSSYNEQFF	0
ALWEIQQVV	CASSLGGASAELFF	0
TPRVTGGGAM	CASSEGGGGTEAFF	0
RPHERNGFTVL	CASSDRDSTEAFF	0
TPRVTGGGAM	CASSDSKADRGASDTEAFF	0
TPRVTGGGAM	CASSIGVGEQFF	0
RPPIFIRRL	CASSIFGTSLQFF	0
LLWNGPMAV	CASSGWGNTAAFF	0
YLQPRTFLL	CASSIFGTSYNEQFF	0
RPPIFIRRL	CASSYSIISRDQGAINEQFF	0
TPRVTGGGAM	CASSPPGRGLAGPHTDTQYF	0
ALWEIQQVV	CASSHPEGWGRTEAFF	0
ALWEIQQVV	CASTPFGSPGTEAFF	0
YVLDHLIVV	CASSEFGGALDEQFF	0
LLWNGPMAV	CASQPTGSNEQFF	0
YVLDHLIVV	CASCSQDRGLDTRELFF	0
LLWNGPMAV	CASSGWGNTEAFFF	0
RPPIFIRRL	CSEQAPAGLRPSYNEQFF	0
YLQPRTFLL	CASSLGTAEAFF	0
TPRVTGGGAM	CASSQYSVGEQYF	0
LLWNGPMAV	CASSWFYFHSDNEQFF	0
RPHERNGFTVL	CASRGYNEQFF	0
YVLDHLIVV	CASSIRSAWAQHF	0
RPHERNGFTVL	CAISESGRDNEQFF	0
RPHERNGFTVL	CASSQDIGSLNTEAFF	0
RPHERNGFTVL	CASSGRSGYNEQFF	0
ALWEIQQVV	CASSVFGTPYNEQFF	0
GLCTLVAML	CASSISGANYNEQFF	0
RPHERNGFTVL	CASSSRAAYEQFF	0
RPPIFIRRL	CARCSQDRGLDTGELFF	0
ALWEIQQVV	CASSTGWGAGQPQHF	0
LLWNGPMAV	CASSMLSQDIQYF	0
RPPIFIRRL	CASSAPDLGGDTEAFF	0
SPRWYFYYL	CASSLIWLAGELTGELFF	0
SPRWYFYYL	CAWINPGQGPYEQYF	0
RPPIFIRRL	CASGSTSFNEQFF	0
GILGFVFTL	CASSYQPGVATNEKLFF	0
LLWNGPMAV	CASMADTQYF	0
GILGFVFTL	CASSAQEGRIEMNTEAFF	0
TPRVTGGGAM	CASSVAGTGGLFYTF	0
SPRWYFYYL	CASSPGQVEAFF	0
SPRWYFYYL	CASSLSFGGEKAFF	0
YLQPRTFLL	CASSYVTGASYEQYF	0
RPPIFIRRL	CAKLVTGAVSGEQFF	0
GLCTLVAML	CASSEDPASYEQYF	0
LLWNGPMAV	CAISESWTSGIGREETQYF	0
GLCTLVAML	CASSLTPGGSTDTQYF	0
RPPIFIRRL	CASGGTVDSSYNSPLHF	0
SPRWYFYYL	CASRSWVRAPNQPQHF	0
YLQPRTFLL	CASSLAQGTGYTF	0
YVLDHLIVV	CASSYLGQGENYGYTF	0
YVLDHLIVV	CASSLRDTATNEKLFF	0
TPRVTGGGAM	CASTDGGRGLNTEAFF	0
SPRWYFYYL	CATSSMGYSNQPQHF	0
YLQPRTFLL	CASSQGTGSSYNEQFF	0
YLQPRTFLL	CASSYVTGANTEAFF	0
TPRVTGGGAM	CASSPGSDNEQFF	0
YVLDHLIVV	CASAGPGNTIYF	0
YVLDHLIVV	CASSMVVHEQFF	0
YLQPRTFLL	CASREGQHDEKLFF	0
RPPIFIRRL	CASSIGLGGGYTF	0
YVLDHLIVV	CSARDQQGQNTGELFF	0
TPRVTGGGAM	CASSVSPNEQFF	0
GLCTLVAML	CATLGSNTGELFF	0
ALWEIQQVV	CVRGEANTGELFF	0
SPRWYFYYL	CASLGDPNTGELFF	0
GILGFVFTL	CATTDLDSGELFF	0
RPPIFIRRL	CASSSEIEAFF	0
LLWNGPMAV	CAWLRDMNTGELFF	0
GLCTLVAML	CAVEGVYGEAFF	0
TPRVTGGGAM	CASSPRGPSTDTQYF	0
RPPIFIRRL	CASSILAGGNTGELFF	0
SPRWYFYYL	CSVDRDRNTGELFF	0
YVLDHLIVV	CASFQDQNTGELFF	0
YVLDHLIVV	CASSPVAGGNTGELFF	0
GLCTLVAML	CAIASQNTGELFF	0
TPRVTGGGAM	CSARDERALNTGELFF	0
YVLDHLIVV	CASSSATFFEQNYGYTF	0
LLWNGPMAV	CASSEIAGGNTGELFF	0
SPRWYFYYL	CSARDHGATNTGELFF	0
ALWEIQQVV	CASSSDIIAFF	0
RPPIFIRRL	CSVSRDRNTGELFF	0
TPRVTGGGAM	CADQDSNTGELFF	0
RPPIFIRRL	CASSDDLGGNTGELFF	0
SPRWYFYYL	CASSPEDIQYF	0
SPRWYFYYL	CAEGERNTGELFF	0
YVLDHLIVV	CSARDAGGQNTGELFF	0
TPRVTGGGAM	CASSSVSLGNEQFF	0
SPRWYFYYL	CASSPDILHTF	0
RPPIFIRRL	CASPSENTGELFF	0
GILGFVFTL	CASSQDIYAFF	0
ALWEIQQVV	CASRDRGNYYGYTF	0
LLWNGPMAV	CARQDSNTGELFF	0
RPHERNGFTVL	CSARTPMGQNTGELFF	0
RPPIFIRRL	CASSLLDSLEQYF	0
GLCTLVAML	CASSPPSGGNTGELFF	0
LLWNGPMAV	CASHSDRNTGELFF	0
GILGFVFTL	CAGSTSLTGELFF	0
SPRWYFYYL	CASSEGESNTGELFF	0
YVLDHLIVV	CAEQDLNTGELFF	0
GILGFVFTL	CSVTRDSNTGELFF	0
GLCTLVAML	CASSPPGHGNTGELFF	0
GLCTLVAML	CSAQWDRNTGELFF	0
ALWEIQQVV	CATSDLQRGNTGELFF	0
RPPIFIRRL	CASQDINTGELFF	0
GILGFVFTL	CASRGPGQMNTGELFF	0
LLWNGPMAV	CASAEMNTGELFF	0
GILGFVFTL	CATGGDHNTGELFF	0
GLCTLVAML	CASGHPNDLKAFF	0
RPPIFIRRL	CSARDQASQNTGELFF	0
RPPIFIRRL	CASSPTGGGNTGELFF	0
GILGFVFTL	CASSADIEQYF	0
SPRWYFYYL	CASTELDTGELFF	0
SPRWYFYYL	CANGSPNTGELFF	0
RPPIFIRRL	CSARDLAGMNTGELFF	0
GLCTLVAML	CASSSDDMRNTGELFF	0
ALWEIQQVV	CSARDRQGQNTGELFF	0
GILGFVFTL	CASSSGQGVDAFF	0
ALWEIQQVV	CSVGLALYNEQFS	0
RPPIFIRRL	CASSSYSSEQFY	0
GILGFVFTL	CASSPTVANYGYTL	0
GLCTLVAML	CSAVQALYNEQFS	0
YLQPRTFLL	CSARGDRGEVETQYI	0
LLWNGPMAV	CASSLDLVRREAISPSI	0
SPRWYFYYL	CASSVIGTQYI	0
RPPIFIRRL	CSAQDGANTGELFL	0
YLQPRTFLL	CSAPGLAGQVSSCEQYL	0
GILGFVFTL	CSASWTSGSVDTQYL	0
GILGFVFTL	CASFSMTGQETQYS	0
RPPIFIRRL	CASRGTGGLYNEQFL	0
GLCTLVAML	CASSALLGAASTQYC	0
YLQPRTFLL	CASSEQANEQFL	0
RPPIFIRRL	CSVYDSYYGYPS	0
SPRWYFYYL	CSLTPPAGTSGRTDTQCL	0
GILGFVFTL	CACSRTPSYEQYS	0
GILGFVFTL	CASSLLAGDTQYL	0
RPHERNGFTVL	CASSPTLQGVAYEQYS	0
RPPIFIRRL	CASSLAGPNEQFS	0
TPRVTGGGAM	CSVRGSAFYEQYS	0
RPPIFIRRL	CASSLYQETQYF	0
RPPIFIRRL	CSVGGTGSGTCGAFSYNEQFL	0
TPRVTGGGAM	CARGFGTSGEADTQYS	0
YLQPRTFLL	CASSLVLAGVHEQYL	0
LLWNGPMAV	CARRPGGRGIP	0
TPRVTGGGAM	CCVGLALYNEQFS	0
GLCTLVAML	CSVVAGANNEQFTD	0
RPPIFIRRL	CSARPEGASCNEQFL	0
SPRWYFYYL	CSAIGGWLALGTDTQYV	0
RPHERNGFTVL	CSVVSLLGNGQFI	0
ALWEIQQVV	CASSHMFAAFY	0
GLCTLVAML	CARSDLGGIP	0
YLQPRTFLL	CRVGQGEDNEQFS	0
GILGFVFTL	CASSWTPSYEQYL	0
ALWEIQQVV	CSARGKGSIYNEQFL	0
GILGFVFTL	CASSLAAGLAPHPDEQFS	0
GLCTLVAML	CSALGLADSYEQYV	0
TPRVTGGGAM	CARSDLGGGGIP	0
GLCTLVAML	CSARGTSFYEQYS	0
RPHERNGFTVL	CSARGSTFYEQYS	0
TPRVTGGGAM	CASSQSKVDGAVKHSVG	0
YLQPRTFLL	CSVGGTGSGTSGAYSYNEQP	0
SPRWYFYYL	CSAPGLAGQVSSYEQYS	0
ALWEIQQVV	CASSLYSGEQYY	0
YLQPRTFLL	CSARPETSLGQYL	0
YLQPRTFLL	CASSQLGSYEQYL	0
TPRVTGGGAM	CSARPTVSYEQYS	0
RPHERNGFTVL	CASSVGAVGTSGTRDPVI	0
RPPIFIRRL	CASSVEDLRYGYTY	0
RPHERNGFTVL	CASSTLGTSGRLAYEQYL	0
RPPIFIRRL	CASSSLTYNEQFL	0
GILGFVFTL	CSAVAGPNNEQFL	0
RPHERNGFTVL	CASSLLRTDYNEQFS	0
RPHERNGFTVL	CASSVLLGSASTQYI	0
RPPIFIRRL	CASSPDPTGYNEQFS	0
GLCTLVAML	CSARTSGSYEQYF	0
RPPIFIRRL	CSASAPRGLLQETQYL	0
LLWNGPMAV	CASSQERGSYEQYS	0
GLCTLVAML	CSALTVPGLAGGMGRNEQFL	0
GILGFVFTL	CASSEFLDYYGYTS	0
YLQPRTFLL	CASSQSKVGGAVKHSVL	0
SPRWYFYYL	CASSERSAYEQYS	0
RPHERNGFTVL	CASSGINAELFV	0
RPHERNGFTVL	CSATIPPYNEQFS	0
RPHERNGFTVL	CASRHPLGGASEQYI	0
RPHERNGFTVL	CSGGGTGAGTSGAYSYNEQFL	0
YLQPRTFLL	CASGGFLSLPYEQYL	0
SPRWYFYYL	CASSLTYGGAGELFFL	0
RPHERNGFTVL	CASRALLGGATEAFL	0
LLWNGPMAV	CSVGQALYNEQFV	0
LLWNGPMAV	CSVGLALYNEQFL	0
GLCTLVAML	CSASSQQDYGYTL	0
LLWNGPMAV	CASSLSNETFS	0
TPRVTGGGAM	CASSLYSDTQYV	0
RPHERNGFTVL	CSEDTLRRETQYS	0
GILGFVFTL	CSAAQALYNEQFS	0
GLCTLVAML	CASRSGTSVSYEQYS	0
SPRWYFYYL	CASSFLLGGLSPSNL	0
GLCTLVAML	CASRPLTGAVSPSI	0
ALWEIQQVV	CASSQDQGHGEAFL	0
LLWNGPMAV	CAWNDGPNYNEQFS	0
TPRVTGGGAM	CSVGGTGSGTSG	0
LLWNGPMAV	CASSLTSGTDTQY	0
GILGFVFTL	CSVGVRGESGANVLTL	0
LLWNGPMAV	CSVVSWYEQLL	0
RPHERNGFTVL	CASTLGDTQYS	0
GILGFVFTL	CASSDSPLAGQETQYS	0
GILGFVFTL	CASSSLVGIQAGKETQYF	0
YLQPRTFLL	CASSLAGGPATEQYF	0
GILGFVFTL	CASSAPVISGTYEQYF	0
YLQPRTFLL	CASSLAGAQQAFF	0
RPHERNGFTVL	CASSLIAGGPEAKNIQYF	0
YVLDHLIVV	CASSSRTAPSDTQYF	0
RPHERNGFTVL	CASSSMTGIGRYEQYF	0
RPPIFIRRL	CASSSMTSGIRYEQYF	0
TPRVTGGGAM	CASSPLTGGPEEKGTQYF	0
GLCTLVAML	CASSRTGGSYNEQFF	0
YLQPRTFLL	CSARDPGRNFYDEQFF	0
GLCTLVAML	CASSPMTGQEKDKNIQYF	0
LLWNGPMAV	CASSQVLAGSTDTQYF	0
ALWEIQQVV	CASSPALGREQYF	0
RPHERNGFTVL	CASSLFSSGQGNGYTF	0
GLCTLVAML	CASSPLTGRSEEKETQYF	0
YVLDHLIVV	CASSRLTPGQGDYF	0
ALWEIQQVV	CSVDGGSTIYF	0
LLWNGPMAV	CSATYRGTPYEQYF	0
RPPIFIRRL	CASSPLAGGFEKKETQYF	0
RPHERNGFTVL	CATQPRSSYNSPLHF	0
ALWEIQQVV	CASSAIAGGRREQYF	0
GLCTLVAML	CASSLWNTGELFF	0
RPHERNGFTVL	CASSRLESLGNTIYF	0
LLWNGPMAV	CASSLAGALEQYF	0
GILGFVFTL	CASSLNPNTEAFF	0
TPRVTGGGAM	CASRPLTGGPLAKNIQYF	0
ALWEIQQVV	CATEPGQGLVGELFF	0
RPPIFIRRL	CASSLLPLGGQKDNEQFF	0
TPRVTGGGAM	CASSQDWTEVHEQFF	0
RPPIFIRRL	CASSPRDSPSDEQFF	0
YLQPRTFLL	CATSRLAGGYNEQFF	0
GILGFVFTL	CASSSGTGQGGFYGYTF	0
YLQPRTFLL	CASSSLTGPSLAKNIQYF	0
YLQPRTFLL	CASSVEVQARSDTQYF	0
YVLDHLIVV	CASSPLTGQGLGGAYEQYF	0
GLCTLVAML	CASRNLTGNIQYF	0
ALWEIQQVV	CASRRDRVNTEAFF	0
LLWNGPMAV	CASSYLPTGGTDTQYF	0
ALWEIQQVV	CASSLAGLGYTF	0
GLCTLVAML	CASSFLVGRAPEKETQYF	0
YLQPRTFLL	CATSDLTQDTQYF	0
GILGFVFTL	CASSYYPSASGRADETQYF	0
LLWNGPMAV	CASSALTSAKRYEQFF	0
LLWNGPMAV	CASSRAQSSYGYTF	0
YLQPRTFLL	CATSEEVPNTEAFF	0
YLQPRTFLL	CASSDLAQYLNTGELFF	0
LLWNGPMAV	CASSLAGGGTQPQHF	0
TPRVTGGGAM	CATSDLVEDTQYF	0
TPRVTGGGAM	CASSPITGAPEAKNIQYF	0
TPRVTGGGAM	CASNLLTGGDADTQYF	0
ALWEIQQVV	CASSQDSGTGSKNTIYF	0
RPPIFIRRL	CASRHHLIGTGHTGELFF	0
YVLDHLIVV	CASSTEDRVSYNEQFF	0
RPPIFIRRL	CASSLFSGGAAMNTEAFF	0
RPPIFIRRL	CASSSGQTAPGELFF	0
TPRVTGGGAM	CASSSGGGAPSGNTIYF	0
RPHERNGFTVL	CASSSLGGGWGGQYL	0
RPHERNGFTVL	CASSLNAGDNEQFF	0
GILGFVFTL	CASSQIAGSYEQYC	0
ALWEIQQVV	CSARDGTGNGYTV	0
SPRWYFYYL	CASSKRTGGGSPSI	0
RPHERNGFTVL	CASSVDTGLTGELFF	0
TPRVTGGGAM	CSGEWDQNIQYF	0
LLWNGPMAV	CASSQGVGDTLSYEQYF	0
TPRVTGGGAM	CASSVAGGEEQFC	0
SPRWYFYYL	CASSPTSGSIYEQYFG	0
LLWNGPMAV	CASSPTSGSIFEQYL	0
YVLDHLIVV	CSARSGQGNDYTF	0
RPHERNGFTVL	CASSSGQLSNTGELFF	0
ALWEIQQVV	CASSAPDKAPNEQYF	0
ALWEIQQVV	CASSPTSWSIYEQYI	0
SPRWYFYYL	CSVAGTRTDTQYW	0
GILGFVFTL	CASSSHLDREETQYY	0
YLQPRTFLL	CSARDGTGNGYTSL	0
LLWNGPMAV	CASGGGGGGYYNEQFF	0
SPRWYFYYL	CSARDTTGNGYTL	0
LLWNGPMAV	CSARPTSGRSYEQYL	0
RPPIFIRRL	CASSLAKRGAEEQYS	0
SPRWYFYYL	CSARDGAGNTIYY	0
YLQPRTFLL	CASSQALGNEQFI	0
RPHERNGFTVL	CASSLAKKGAEEQYS	0
YLQPRTFLL	CAGSQSPGGTQYS	0
LLWNGPMAV	CASSYSVTDTGELFS	0
ALWEIQQVV	CASSSGQKAPGELFF	0
SPRWYFYYL	CSVGSGGTNEKTVFL	0
LLWNGPMAV	CASSSGTDLNQPQH	0
ALWEIQQVV	CSVGGSFYGYT	0
ALWEIQQVV	CSARDRVGNGYTC	0
LLWNGPMAV	CSARFREYSGNTIYS	0
SPRWYFYYL	CASRSGGAGGPNYGYTL	0
TPRVTGGGAM	CASSLGPAYEQHL	0
SPRWYFYYL	CASSGARDTQYS	0
RPPIFIRRL	CASSLNFGDSYNEQFF	0
YVLDHLIVV	CATSSRTGPSYNEQFF	0
ALWEIQQVV	CASSLGGEQYS	0
GILGFVFTL	CTSRLRGRGIVNNEQFL	0
SPRWYFYYL	CASSQSPGGIQYL	0
LLWNGPMAV	CASSPTSGSIIEQYL	0
YVLDHLIVV	CASSQSPGGTQY	0
YLQPRTFLL	CSARFRENSGTPYI	0
ALWEIQQVV	CASSEASDITDTQYS	0
RPPIFIRRL	CASRLRGRGIVVNEQFL	0
SPRWYFYYL	CASSDGQVATNEKLFFG	0
RPHERNGFTVL	CASSGGQVVPGELFF	0
YVLDHLIVV	CASSYPTGHSSYNEQVL	0
GILGFVFTL	CSARSHVGNTIYF	0
SPRWYFYYL	CSARDVTSKNYGYTL	0
YVLDHLIVV	CASSEGQVLPGEQYF	0
TPRVTGGGAM	CSASRGMYGYTL	0
YLQPRTFLL	CASSQSPGGTQYC	0
RPPIFIRRL	CSASREMYGYTA	0
RPHERNGFTVL	CSVGGQANTEAFL	0
RPPIFIRRL	CASSVGGLAGGVETQYF	0
RPPIFIRRL	CSVRSEGDTIYF	0
SPRWYFYYL	CSVPPGADYNEQSS	0
ALWEIQQVV	CASRTGTGNEKLFL	0
GILGFVFTL	CASSPTSGSVYEQFL	0
RPPIFIRRL	CSVPAGTDYNEQFS	0
ALWEIQQVV	CSVDGEGAGDTL	0
SPRWYFYYL	CASSNQGDGTDTQYF	0
GILGFVFTL	CASSPPEQLPTEAFF	0
RPHERNGFTVL	CASSLPRDTL	0
TPRVTGGGAM	CASSPGQLSNTGELFF	0
LLWNGPMAV	CASSNSRQGRLRAVL	0
ALWEIQQVV	CSADRGDGYTL	0
ALWEIQQVV	CASSFLAGGPFETQYF	0
ALWEIQQVV	CASSVDSGLTGELFF	0
RPPIFIRRL	CASKTGTGNEKLFL	0
YLQPRTFLL	CASRLRGRGIVDNEQFL	0
LLWNGPMAV	CSVAGTRTDAQYL	0
TPRVTGGGAM	CASSGSLDEQFS	0
RPHERNGFTVL	CASIQSGFVYEQYL	0
SPRWYFYYL	CSAPEGLAGYEQYL	0
ALWEIQQVV	CASSGMTRSTIYS	0
SPRWYFYYL	CASSPQGVSPGTIYF	0
YVLDHLIVV	CSARSQVGNTIYF	0
TPRVTGGGAM	CSARVRPTGNTIYF	0
TPRVTGGGAM	CASSPTSGSSYEQYC	0
TPRVTGGGAM	CASSYPTGHSSYNEQFS	0
YLQPRTFLL	CASSTGQQTNTGELFF	0
ALWEIQQVV	CASAGPGQVYEQYV	0
SPRWYFYYL	CASSPDSTGPQETQYF	0
GILGFVFTL	CASSQAGRGLGEKLFF	0
YVLDHLIVV	CASSLSLDSGANVLTF	0
TPRVTGGGAM	CARGGRAKNTEAFF	0
LLWNGPMAV	CASSSAEEAGYLYGYTF	0
ALWEIQQVV	CSVGAGGNTIYF	0
LLWNGPMAV	CASSHDERTGSYEQYF	0
LLWNGPMAV	CASSEGLEIRMRSSYEQYF	0
GLCTLVAML	CSARATGQDSNTEAFF	0
LLWNGPMAV	CATSDLTTGANTGELFF	0
ALWEIQQVV	CASGPGRGLSLGNQPQHF	0
TPRVTGGGAM	CASSPARNTEAFF	0
YLQPRTFLL	CAISLGTSGRESYNEQFF	0
YVLDHLIVV	CASSRFVPGQGGGTDTQYF	0
GLCTLVAML	CASSSSRDRGYNYGYTF	0
YVLDHLIVV	CASSVGSSATYNEQFF	0
GILGFVFTL	CASSPEGLWPQHF	0
LLWNGPMAV	CASSPSRNTEAFF	0
YVLDHLIVV	CASSPHRNTEAFF	0
TPRVTGGGAM	CASGSQGRGDTEAFF	0
GILGFVFTL	CASSQTRNREAFF	0
SPRWYFYYL	CASSRKFTGVMNTEAFF	0
LLWNGPMAV	CASSPPMGADTQYF	0
YLQPRTFLL	CAISDWRQGGATAYEQYF	0
TPRVTGGGAM	CSARDFRDPKTTEAFF	0
YVLDHLIVV	CSASGSSVRSTYEQYF	0
YLQPRTFLL	CASAPNPNTGELFF	0
GILGFVFTL	CASSGWEGELFF	0
GLCTLVAML	CASSQDRFTGSYTF	0
YLQPRTFLL	CASSLFRGGGYGYTF	0
LLWNGPMAV	CASSQETGSYTIYF	0
YLQPRTFLL	CASSIPGWTEAFF	0
ALWEIQQVV	CASSFPQGGSSGNTIYF	0
RPHERNGFTVL	CASSQDRLTGFYTF	0
GILGFVFTL	CASSLPQGGQVGNTIYF	0
YLQPRTFLL	CASSDHQGGDGNTIYF	0
ALWEIQQVV	CASSLPAGGYSGNTIYF	0
ALWEIQQVV	CASSRLPGTGHTGELFF	0
ALWEIQQVV	CASSQETGTFYGYTF	0
ALWEIQQVV	CASSYAAGPLETQYF	0
ALWEIQQVV	CASSQQAGSLETQYF	0
YLQPRTFLL	CASSYPSGGTSGNTIYF	0
TPRVTGGGAM	CASSQEHKESYEQYF	0
YVLDHLIVV	CASSQETGIYEQYF	0
GILGFVFTL	CASSQDPSQEGFF	0
YLQPRTFLL	CASSVEYGRSTDTQYF	0
YLQPRTFLL	CAIEDSQGGNTEAFF	0
GLCTLVAML	CASSQDRFTGTYTF	0
YVLDHLIVV	CASSQEAGLGYEKLFF	0
SPRWYFYYL	CASTLPEAGEFYGYTF	0
YLQPRTFLL	CASSSGQGGELF	0
SPRWYFYYL	CASKDLSGGEQYF	0
ALWEIQQVV	CASSELAGGDRTEAFF	0
LLWNGPMAV	CASSQDRLTGRYTF	0
YLQPRTFLL	CASSPGRGLATNEKLFF	0
YVLDHLIVV	CASSQDRLTGDYTF	0
TPRVTGGGAM	CASRATFTDTQYF	0
TPRVTGGGAM	CASSQLSGSLETQYF	0
RPHERNGFTVL	CASSLDGPGAGEQYF	0
TPRVTGGGAM	CASSYAAGQLETQYF	0
GLCTLVAML	CASIPLDHNSNTEAFF	0
LLWNGPMAV	CASSQEGGTATYEQYF	0
YLQPRTFLL	CSVWGLAGGPTGYEQYF	0
ALWEIQQVV	CASSYSAGQLETQYF	0
ALWEIQQVV	CASIDLDPTGELFF	0
SPRWYFYYL	CASSHETGRNQPQHF	0
ALWEIQQVV	CASSQDLWGPGYTF	0
YLQPRTFLL	CASSGFSGPQDKPQHF	0
